title,label
［中字］nushi｜日本主妇沉浸式做饭｜日常餐具分享，收获红薯｜卷心菜蒸鱼，花生酱炖鸡肉，炸鱼块，焗蔬菜，山药饭……,1
用苏泊尔爆炒电磁炉套装，轻松搞定莲藕炒木耳，火力快准稳，厨房新手也能秒变大厨，家常菜更省时！,0
【好消息】芙宁娜耳机礼盒明晚返场！【坏消息】仆人新服饰是限时的，甘雨/达达利亚/优菈手办补款三连！原神双11新谷深度种拔草指南奉上，拯救你的钱包！,1
【寂静岭2】重制版—promise 钢琴&amp;电吉他,0
GEO带来哪些信息污染和安全隐患？陈昌凤教授谈GEO的挑战与反抗,0
超燃对攻🔥米切尔高难度三分绝平 维金斯0.4秒神奇空接绝杀骑士,1
爷青回！这才叫英雄联盟！,0
蛇女超详细对线打团游走细节讲解,0
美的电烤箱精准控温，烘烤不焦不生，烘焙蛋糕松软可口，家庭厨房必备神器。,0
【惊爆】美军直升机首投手榴弹黑科技！测试画面曝光后紧急删除？网友：这操作太迷惑了！🔥,0
赚钱APP，真的可以赚到钱吗？,1
天呐！锤娜丽莎瘦了30斤冲上热搜！李川看到女友妆发完成太惊艳哭了！拍给沈月她们看被调侃像送女儿出嫁的老父亲！,1
猫妈妈带着小猫咪去了很多地方见识了很多人做了很多有意义的工作，和妈妈在一起的日子真的很开心,1
自然透亮妆效 快速上妆不影响 (8279),0
苏超托遍关系竟拿不到票！李老八回忆被中超赞助商甩脸色经历！,1
【听风的蚕】11.10最新 暴风雨前的宁静，要有大事即将发生！,1
油滋了小白菜水饺，40年东北老厨饺子馅秘诀，一口一个，香迷糊了,1
昔涟,0
被低估的神作，星爷和杜琪峰把晚晴官场讽刺的体无完肤【审死官】,0
我先走一个⚡️,1
你们草莓打什么药啊？我今年就打这三样药。,0
【未白】恐鬼症的阳光牧院究竟发生过什么？,1
【MMD】TDA式4.0旗袍初音的「響喜乱舞」,0
10月中指百城数据——房价分化背后的真正“阳谋”！,1
王楚淇足球水平怎么样？谢宇宁聊即使在他见过的职业青球员里也是天赋和水平很高的，普通人真的无法理解职业和业余球员的差距,1
挑食不长肉，La20来拯救,0
我这都带毛的还冷呢。,0
现代特种兵穿越到修仙世界一把手枪闯天下,1
Fresh Fuse火箭充电支架 充电也能玩出火箭仪式感！桌搭党狂喜！#freshfuse构新 #applewatch #苹果手表 #手表充电底座 #无限回购,0
韩国吃播 什么都想做 凉拌河鲜 2,0
﻿【二胡谱-示范】兰亭序（周杰伦）,1
妈 我好累 我现在状态真的好差好崩溃... 丨我的人生连毛坯都不是,0
娇兰帝皇蜂姿复原蜜精华京东自营正品 肌肤修复力升级 敏感肌安心用 睡前护肤好帮手,0
一口气17小时看完《禁忌人偶》一部被严重低估的神作！,1
强扭的瓜就是甜,1
雪乃也会害羞,0
超级长发酒店刮光,0
告五人-温蒂公主的侍卫,0
暴力尼姑丝滑脱困,1
《仁王3》角色介绍：源赖朝,1
｜新人與舊我是誰呢罪入骨朽，天地不留。我愛何辜 我恨何有 我醉何地 我葬於何處 何處。｜電視劇《 水龍吟 》插曲 ｜者來女 - 於何處,0
Taylor Swift 8首仙曲15分钟无缝衔接混音,1
李白，蔡文姬，西施，小乔，你喜欢哪个,0
增程、直驱都是混动？这么多混动车到底有啥区别？【差评君】,1
《逃离鸭科夫》正式版新手务必知晓的重点内容和技巧分享 #新游鉴赏家 #游戏鉴赏家 #逃离鸭科夫,0
卡西欧CASIO电钢琴便携PX-S1100PXS3100重锤82138键智能触屏火星红成人专业考级PXS1100红色,0
“建筑建筑，在高速公路”,0
【金融热点】全球金融治理+国际货币体系专题（热点课第二次完整版）,0
看完S15半决赛，我请职业选手angel吃了顿韩料,1
新秀丽156英寸电脑包大容量设计，出差旅行收纳轻松应对，分区合理取物方便，背负舒适减轻肩颈压力。,0
真香！又降价了！索尼(SONY)ZV-E10K 半画幅微单相机 美肤拍照 精准对焦 VLOG APS-C画幅 zve10 ZV-10 ZV-E10黑色单机,0
【CS2每日饰品】视频已打包，欢迎围观！,0
"""很吃 香的行业，目前一小时300，半年到 手10w,分享方法建议收藏~""",1
下大雨的时候正是采茶的最佳时间,0
添可艺术家洗地机亮相，拖地畅快无比,0
暴风雪中，独自在荒野木屋生存过夜，零下十几度的夜晚有柴火炉取暖，睡觉很放松,1
这些猫咪你都认识吗？你家养的什么猫呢？,1
日军派人策反国民党军，条件却开得不够高，对方讨价还价,0
黄埔课堂《手搓格洛克手枪》开课！,1
《当代训狗大师的手段》,1
日轻小说一次看个爽！二次元老司机必备！,1
华硕无畏Pro16锐龙版使用体验：高效办公利器，轻薄便携助力打工人日常创作与多任务处理,0
美片黄，比片爽！,1
更新不止联动，新设置让米波电狗更简单了！,1
【TRIBE NINE/MMD】新千代田TRIBE アイリッド,0
【尘殽】最新视频来袭，快来看看吧！,0
做自贸港建设的形象使者与旅游金名片（2）邢,0
十五运开幕式粤语版主题歌《水连天》发布，一起来听！,1
NBA的35大假动作集锦！,1
我被病娇男包围了？！稍不注意人身安全就出问题！——乙女视觉小说《致命至爱》（持续更新中）,0
从120美元到10000亿，59年收益率4.38万倍，股神是怎么炼成的？【阿Test正经比比】,1
【MEOVV】-burning up杭州路演翻跳｜搓个澡使出了浑身的力气｜潮集制燥｜湖滨88,1
［S.O.S｜J-Hope］新生杯超震撼Killin’it Girl 15人翻跳｜郑号锡看了直呼内行！｜西浦大学生舞团,1
和平集市空山基获取入口在这！,0
【绝区零】都是哥们，爆料就给这么点画面啊😋,1
英雄联盟手游之坑货之歌,0
【牢大AI音乐】牢大又一首献给晨妤的佳作《新晨妤摇篮曲》,0
北京（2）SONY PS5游戏手柄漂移维修更换霍尔摇杆，校准+清理+双倍速+音乐,0
今天我们来开箱这台RC攀爬车吧！,0
【蜡笔小新】下饭视频，和娜娜子姐姐一起做菜。,0
战乱时期非洲男孩持刀出门，真的太恐怖了！！#中国蓝盔,1
樊振东4-0首胜！即使万千网友出招 周雨仍一局难求,1
各选手已经陆续抵达香港！NiKo！kyousuke！donk！NiKo落地去了星光大道，但是这次的训练室房间有点小啊！另外magixx炮轰汉堡王！认为汉堡王不行,1
【全82集】2026版数学必刷题【全书讲解+复习知识点+解题技巧】中考数学高分冲冲冲！,0
萨伽吉他SF600适合新手入门，音色清澈、手感舒适，性价比高。日常练习或居家弹唱都很合适，轻松上手不费力，是初学者的理想选择。,0
他只需略微出手，便是纪录片的极限！没错，他就是在中文互联网鬼畜区永生的“顶流”—著名“五星评论家”#麦克阿瑟#纪录片#梗百科#人物故事,1
AOC 5英寸4K显示器高清 广色域微边框 办公设计 低蓝光台式电脑大屏幕PS4家用显示屏 4K 低蓝光 升降旋转 U32N,0
烤肠炸鸡培根金针菇和方便面♥,0
𝐏𝐥𝐚𝐲𝐥𝐢𝐬𝐭·歌单｜清晨渗透到灵魂的宁静 ♫ 轻音乐,1
科大讯飞词典笔助力孩子英语学习，查词翻译超便捷，课堂作业不再愁，亲子共学更轻松。,0
足坛里家军最强阵容！,1
顶级萌物！英短小奶猫0到1个月的成长记录,1
《钱 思 戏》,1
坏了，我真成帕鲁了！免费开玩·多人生存 幻兽帕鲁x七日世界联动,1
OS-EX-2突袭，单核好抄！猫！炸死他们！,0
李敖谈周总理选集，震撼非凡，长见识了,1
富安娜六件套床品191款 睡眠更舒适 高支棉亲肤透气 好睡一整晚的优质选择,0
很多人都把这个顺序搞反了！,0
【股票入门课程】新手小白炒股入门基础知识讲解,1
猜你喜欢：你已被大数据精准推送,1
【飞机大厨上海11】机场特色是可以吃三份主食,0
【世界计划国服】不要抽双十一卡池！！~初音未来缤纷舞台~,1
水晶丝血绝境翻盘！AG超玩会冰甲封神，逆天改命一万经济差！,0
2025GAI重庆演唱会——街上的+温酒斩华雄+talk+Not Friendly,0
分手七年后，一条女老师拆散早恋的视频爆火,0
【知识难教?AR虚拟人救星来了✨】,0
Taylor Swift 180BPM跑步歌单 | 霉霉战歌，PB爆破！| 精心选曲 + 逐帧精调 + 丝滑衔接 + 180步频跑步音乐 + 原地超慢跑跟练,1
251108 Glitter Day首尔安可｜朴敏珠And July cover舞台,0
樱花樱花 好想见你,0
一口气看完《从不出手的我混成了天榜大佬》动态漫完结版，整剧蓝光修复版,1
军粮试吃：民用版20单兵自热食品,1
【动物成长动物片|如果我是一只动物】47. 如果我是兔子,1
枣庄辣子鸡给魏厨吃冒烟了——王兵桥头辣子鸡,1
剧情片：风韵犹存的老师，遇上青春懵懂的学生，每天单独上小课,1
步行者上赛季季后赛4次大逆转合集-只有看过才知道有多么神奇，太震撼了！,1
酱油瓶拉环的隐藏妙用，九成人不知晓！,0
泰坦军团 白色27英寸2K 200Hz超流畅无卡顿 新一代FastIPS HDR400硬件低蓝光1msGTG 10Bit电竞显示器27G2R,0
全球搞笑宠物大合集（2025.08.24）,1
猫妈的意面食堂太治愈了吧,1
我这辈子从没见过蜂巢！英国夫妇被和平饭店早餐震撼：这绝对是我见过最棒的自助餐！,1
全员团灭结局！孙红雷古天乐，上演港片最“癫”宿命,0
新人up首投求关爱！原创AI制作短视频✧٩(ˊωˋ*)و✧,0
暗暗抱摔香蕉🍌,0
《传颂之物 食戟的甜品》中老年怀旧爆衣实况 第十七期,0
早C晚A怎么搭，看我用50元就搞定！,0
“福建舰航母战斗群有多强？”“世界领先！”,1
【台风商社】真怕朴老板下一句就喊出“厂长是我表哥”，江南皮革厂韩国分厂是吧,0
【PR转场】这才叫PR转场！这可能是你见过最好用的pr转场插件！让你的视频剪辑纵享丝滑！拿走吧你！！转场插件/PR下载/AE下载,0
中科能热泵老板要求我们水地源热泵产品质量必须过硬～集中供暖/中央空调/热水/冷水暖通工程主机生产厂家,0
【第一次看辉夜大小姐想让我告白3】 Re3-4 所以早坂跟会长……,1
路人梅！情侣街头拍视频，梅西低调路过后才发觉,1
推荐一款超好用的免费轻小说网站,1
不是老歌变好听了…而是我们终于听懂了歌里的故事！- 原地超慢跑跟练 + 跑步音乐 + 180BPM精准踩点节拍器【第70期】,1
炒菜神器,0
[VOCALOID 翻唱] 初恋日记 /香椎モイミ feat. 神威乐步,0
真正无线充电宝5000mAh免持线设计，出行充电更便捷，告别杂乱数据线，随时随地轻松续航,0
巧克力熔岩小熊蛋糕,0
嗯大概就是女孩子自制固态杨枝甘露,0
2302班曾同学魔术展示,0
别被忽悠了！油混宣传 “能开报废”，实测1万公里后，油耗比插混高一半,1
别人都有的校徽Logo动画，我巅峰极速也要有！AE特效动画，简简单单！,0
经典欣赏～《猫和老鼠》,1
福建舰的航母编队会有多么豪华？三道防线坚固无比，095核潜艇将是神秘杀手！,1
【人声混音教程】Cubase后期混音系统入门教程/全网最良心，0基础不花钱也能学会的混音教程,1
【A320电炖锅】无水炖酱牛肉，锁住肉汁香嫩，不加一滴水也能入味！家庭聚餐秒变大厨，软烂入味又省事，厨房小白也能搞定，好吃还不费劲～,0
【闪耀优俊少女】与番剧《芦毛灰姑娘》联动福利第二弹,0
林家铺子橘子罐头限时囤货，果肉饱满酸甜适中,0
使命召唤手游非常11好玩不错的游戏玖精彩日常集锦实况11,0
《绝区零》策划面对面｜行则将至,1
不让一件丑东西进入新家的📦双11好物分享,1
康佳电视65G10 65英寸易AI电视机 MiniLED液晶智能平板 惊鸿芯片 432分区低反屏 以旧换新家电国家补贴,0
釉瑚的战斗方式把boss的逼格都给拉低了,0
【无偿分享PDF】别裸考！证券从业考及格只需要3天！！！（附2025证券从业全套备考资料）,0
【CCTV9】《猫的秘密生活》全3集 1080P超清,1
见证历史的老山英雄，珍贵的战斗影像,0
这个软件我愿它为计算机专业天花板！！！,0
双高胎的胆子全在长子身上了，次子高越被骗进去杀！#喜人奇妙夜2#喜人奇妙夜#双高胎#高超高越,0
来讨伐炸弹魔的男人,0
若真爱，是静待花开的缓慢，我便应光阴下注......,0
使命召唤手游非常11好玩不错的游戏玖精彩日常集锦实况8,0
ARZOPA阿卓帕 便携显示器 IPS便携屏 显示屏 扩展屏电脑显示器笔记本副屏手机 游戏机副屏一线直连屏幕 【爆款推荐】6英寸 商务办公,0
一件顶N件！集结【保暖】+【百搭】的万能厚外套合集在此！男生穿搭｜厚外套分享｜穿搭分享｜厚外套推荐｜保暖穿搭,1
中国10月房价继续下跌！大量房产跌成负资产！经济专家许成钢戳破真相！,1
我做的vs我画的,1
森林魔女娜露西亚,0
人像摄影构图的6大禁忌，你中了哪条？,0
今天星期一，先发个疯再说#管他什么音乐#翻唱#潮汕话,0
芙莉莲,1
富贵四天跨三省转院过程,1
半盏流年半盏你-1110-时思佳-混剪-短篇-05,0
让我们四个玩一小时就放过你,0
库拉岗日徒步纪念,0
多重根式化简，出题人玩出了新花样，难哭了无数学霸。,0
奥德斯克午后阳光漫过琴弦，一曲落，心也跟着变得柔软。,0
金星郭德纲高手对招...招招致命！没想到金姐也有被怼的一天哈哈哈,0
无法用语言形容，简直太炸裂了,0
史上最爽男主《我契约了我自己》动态漫完结版，一口气看完整剧蓝光修复版,1
龙猫怎么全凶,0
瑜伽vlog（黄色）,1
校园趣逝系列（1-10集）,1
据说屌丝饮料真正的神是茉莉蜜茶？兑水后的一瓶顶5瓶，是真的吗,1
猪肉最好吃的十五种神仙做法，最后一道十亿人都吃过,1
【折原露露】唱首三国吧，反正都这样了（求赞求关）,0
不用猜！直接高层视角精准预测房价触底时间！而且房价为什么总是跌个不停？其实也另有隐情,1
【中字】莉莉娅：动漫歌曲对决我是不会输的！SSR支援卡「ぜったいに取るんだ！」剧情3 学园偶像大师,0
达芬奇20.2更新ProresRAW，正好iPhone17Pro也能拍ProresRAW，借此分享苹果RAW在Finalcut和达芬奇中的色彩科学处理流程｜Re,1
晓鼬前后摇大的，天照不能换通灵的，天照不能破霸体的，打不过可以退游的。,1
11月10日末日幻影，2命昔链体感依托,0
【APEX】什么？三明治边解说边打训练赛~A神也是大串子~三明治：我看他是真想来DF了~,1
金茉胶原机帮助我每天轻松补充胶原蛋白，肌肤状态更紧致有光泽。伊能静同款护肤小助手，坚持使用后肤色均匀，毛孔细腻，日常提亮肤色真的很明显！,0
瓶子聊道诡异仙结局:“后面几章没看太懂”“起点书评很搞笑”结尾如果是个goodending就好了,1
曲曲：大龄未婚0段位姐姐和心机弟弟，你段位太低了完全没认知,0
【氿氿】看击败铁墓后来古士和螺丝咕姆对谈～,0
6x6南瓜种植代码解析 | 编程小白向 | 编程农场第七节,0
再降价：霍尼韦尔 应急灯,0
一口气看完【恐怖怪谈合集】——《活死人》,1
4-50-77-480P 标清-AVC,0
【TOP10】十个游戏史上评分最高开放世界游戏！,1
【清汤羊肉】拒绝科技与狠活！从选材到炖煮，保姆级教程让你汤清肉烂，鲜掉眉毛！,0
公司开会用华为智慧屏S系列，高清投屏不卡顿，PPT和同事脸都清晰可见，提升效率超实用！,0
人妻味拉满的阿尔法,0
吃饱喝足回来砸他老子的饭碗！这儿子一看就不是亲生的！,0
《我怀念的》mv,1
我的世界斗罗RPG服务器新服开荒【刷怪时间大幅降低不抢怪！】进服就送百万点券每天发福利,0
准备好了吗？,0
【免费看超长】开局觉醒神爱之手天赋！只要五指轻握，就能抓取对方物品占为己有！,0
限地区：MI/小米 冰箱 BCD-610WMSA 对开门 610升,0
【Cosplay】有的人表面是舞娘，其实是大魔导师,1
用手机操控一切！《看门狗》的故事剧情讲述了什么！,1
池中的小红鱼拽着我女儿往深水里拖时，我看见弹幕,0
“才明白这一切都只是曾经....”《最初的记忆》翻唱首投,0
我杰诺斯，输过，伤过，被拆过，就是没有怂过！《一拳超人》,0
11.10发哥排列五视频讲解分析,0
染上cos忘记自己是干什么的了,1
沼泽湿地【公开课】【有课件教案】【高中地理新课标一等奖优质课】【省赛获奖优质公开课】,0
今天喝了牛肝菌奶茶，云南人必须客观测评，里面有我家的原料。,0
【抽奖视频】你们的“小甜甜”来啦！,1
《塔尔萨之王 第三季》第八集 超清中英双字,0
中考数学几何模型解题技巧怎样求线段最小值 #涨知识 #知识分享 #创作灵感 #数学 #中考 #中考倒计时 #中考数学#初中数学#解题思路#解题技巧,0
软陶做的睦子米水洗自由了啊啊啊啊啊啊啊,1
大明王侯【ZH有声书】_+_5,0
【哈基米】🐱登神🐱（六冠至臻版）,0
蒲熠星 《大家一起喜羊羊》翻唱4K直拍🩵蒲熠星银河系旅行攻略演唱会📍南昌🐱斯沃德·麦伦 4K直拍📷20251109,0
怀旧昭和 考古の老阿姨32年前,0
红龙（REDRAGON）M68 PRO磁轴键盘RT电竞游戏客制化机械8K回报率五层填充网页驱动无畏契约 渐变粉-极磁轴PRO,0
最容易出好猫的品种都有哪些？法老严选和小狗喵,1
适马 变焦镜头 70-200mm F2.8 DG DN OS,0
【绝区零】为什么越做越像黄油了？——薇薇安XP大赏析,1
HUAWEI/华为 手环9 智能手环 睡眠监测 运动手环 标准款-星空黑,0
【重庆看房日记】四代住宅在完美，是否优质；2.轻轨🚈是否近；.地理位置；.商圈和周边是否成熟；医疗🏥是否方便。结论是我们这个四代住宅都能满足你的需求和想法,0
Redmi/小米 Note 14 Pro 手机 镜瓷白 8 128G,0
【新人首投】影  流  天  依 （爱河DJ版  cover：洛天依）,0
“混动爹”逆袭：混动才是新能源战争的最终赢家？【商业B面&amp;牛顿】,1
2025年最新最全理财入门课，改变你的财务理念（某网付费课程）全17集建议收藏随时被下架,1
给小学生的趣味生物 提升自然认知能力，通过观察、实验和思考培养多种核心能力，生物启蒙，点燃兴趣，爱上生物，小初衔接不焦虑,0
兄弟俩零桢开唱，腾哥打不过就加入,0
自制锂电池充电器,0
【淘宝运营教程|淘宝开店|淘宝直通车】淘宝既便宜又好用的计划一定是人群推广加达摩盘！,0
陈大愚模仿父亲陈佩斯，连声音都一样，遗传基因太强大了,1
【QQ/4K】QQ讲述自己炸鱼黑历史以前的排位人满就开全是白银。决赛圈对手紧张过度火烧自己把QQ看笑了,1
（沙雕爽文）小说妹秒懂梗，贫困生不语，只是一味的上贵族学校，青梅竹马不语，只是一味的爱上转校生。。。。。,1
【乡镇食堂】收费站食堂阿姨每日食谱,0
芙崽AI毛绒玩具：暖心陪伴，治愈每一刻,0
素颜出门也能自信满满，小树美唇精华滋润不黏腻，日常通勤或约会都好用，唇部细腻有光泽，轻松搞定裸妆痛点。,0
虾仁一脚踏进游戏世界，懵了：路边石头有血条？连空气都在掉血！,1
30多种手枪合集沉浸体验,1
【14人枪声音乐合作 】 WACCA ULTRA DREAM MEGAMIX,0
泰坦军团5英寸 260Hz超高刷新率 FastIPS硬件低蓝光HDR400广色域 旋转升降 PS5电竞显示器 P2510H PLUS+,0
TasLim_2025-11-03_08-10-56,0
饭菜一锅蒸色香味俱全！,0
【官方投稿】【ＸＦＤ】少女分形/輪廻転生のバタフライvol.2,0
海伦H-305i电钢琴：学琴路上的可靠伙伴,0
权本昌亲自参赛，本事还真是深藏不露，做菜有两把刷子！,0
手书,0
【第一次看辉夜大小姐想让我告白3】 Re5-6 yo这一集辉夜 真的好看yo,1
面条简单好吃做法——浓汤葱油面，炝锅面。,1
会拉扯的机甲有多可怕？1Ⅴ3拿捏雪隼,0
【泰拉瑞亚】追踪武器9.干翻世花和光女,1
【可以歌唱的初音未来】bushi,0
我的世界猪神是有记忆的，惩罚哪些做过坏事的家伙#我的世界 #猪神 #Minecraft,0
三秋8差倍问题加油站讲解视频—创新班,0
步步沦丧！起底C罗第二次与摩根交谈，世界杯夺冠不如打开快乐开关？史最佳先生急需参加男德培训班！,1
开箱:Spider goblin 蜘蛛精 四姐 四妹 四姑婆 ‘黑神话悟空’？,0
【球村】比亚迪第五代DM技术，如何做到堪比纯电车的用车成本？,1
这是你的时尚启蒙电影吗？19年过去依旧经典《穿Prada的女魔头》造型全解析 | 回顾主角风格进化史,1
《幻想乡：前言重撰》凯莉的主题曲《星月魔女与地狱花火》,0
低卡高蛋白酥脆香甜香蕉燕麦球,0
原始生活-赤裸挚爱【第一季】03：肩扛毛腿,1
笑死！杨旭文被公主妈咪做局了，水灵灵的承认自己内心OS，早就想随母姓了！哪成想不是姓李改姓岳了！唐诡演员都是5G冲浪，网上什么梗都清楚，唐犟宗也是被盖章了！,1
最全养猫劝退视频，看完这些你还想养猫吗？,1
美妆博主不化妆的周末都在干嘛！,1
凉拌生牛血～,0
“300年手枪史（1725-2025）”,1
《剩余与剥削》正文 第三部分 剩余的假象 B真实  第一章赌注4-6节,0
地铁于隧道中穿梭画面#治愈系#大自然#唯美#视频素材#yinxigu,0
【喜欢韩剧的亲情剧】视频加载中，速速查收惊喜！,0
这是最好的礼物——完结撒花！！！,1
【初一数学170讲】七年级数学全集：概念课、习题课 | 最全面的课程 | 持续更新中,1
花2个月超硬核总结“2023夏日解暑饮品”，精选出来的都是健康好喝的神仙快乐水！ 不仅好喝解渴、便宜大桶便捷、还巨巨清爽！品种齐全！干货满满！让我们清凉一夏吧！,1
大我bigme彩色墨水屏手机他来啦！！！！！！！！,1
七年级上学期期中数学考试前几道难题的答疑,0
帅哥在我身边~,0
“纵使我开出的花再美丽，却无法结出硕果”,0
如果刘德华成全运会最大的点睛之笔那周深唱的主题曲成最大的败笔,0
高中化学355个易错易混知识点！存下吧，很难找全的！！,0
R18解禁？GPT、DeepSeek解除限制，开放成人内容。国内无限制使用GPT-5和GPT-4o！手机电脑随便用！100%有效，快来白嫖！,1
卧槽！大饼电竞爆了！甜药开除小鹿店长！红色SC全来抢老板！,1
Vidda海信R2025性价比王，必看！10418,0
这才是调色的正确顺序！10分钟搞懂专业调色流程（一级调色+二级调色+风格化）LOG/HDR/HLG/Rec709任何素材，手机相机都适用！,1
【Z哥1109直播】全国30城房价性价比排名，多个城市已到B1,1
美女师尊有点变态，让我给她舔脚丫子,0
徒手处决真是爽，可惜触发不太稳,1
温哥华周末Vlog ｜ 上次更新还是两年前哈哈哈,0
和服礼仪——传统白足袋,1
170/132不化妆的灰色系秋冬日常好衣分享～素颜也美美穿！,0
物理界的魔法,1
2026中南财经政法大学616法学基础全程班——基础阶段（一）（满血版体验）,0
【龙猫】这也太贪吃了吧哈哈哈,0
【MMD初音ミク】ハナタバ,0
愛♡スクリ～ム!-AiScReam——LoveLive! Series Asia Tour横滨day2（大西亚玖璃，降幡爱，大熊和奏,1
从狡兔屋到怪啖屋 （女角色不可售影像合集）,0
huge解说附体A神，经典的烧烤位，经典的溺水麦，经典的三明治快想想办法，双王特有的心有灵犀，注入王虎病毒！,1
#小说#拯救书荒#吃播搬运工#小说推文#日爆小故事#超爆小说#热门,0
【已完结】“他说我的血很甜。” ——直到那副眼镜告诉我，这不是情话，而是食谱。,0
“谁家的吸血鬼这么可爱”#动漫推荐 #二次元,0
25岁开始抗初老，坚持用海蓝之谜经典CP组合，肌肤紧致有弹性，熬夜后也能保持好气色。,0
【SiIvaGunner】东北玩泥巴の報い ～ Imperishable Night,0
每个颜色都好好看啊！你喜欢哪一件呢我的宝？#伯希和山野冲锋衣#伯希和冲锋衣#户外穿搭#ootd穿搭#蓄谋已久的反季ootd-73917586724618601,0
对了你的原神家庭怎么样,0
⚡️全是万恶之源名场面啊⚡️,1
这竟然不是慢镜头！福建舰电磁弹射有多难？只有我国成熟掌握,1
一口沦陷的唇动小蛋糕，两大箱超值抢购，白巧控必入,0
藤原书记发现妹妹喜欢男主后，绷不住了，故意搞破坏，结果......,1
伊斯特曼ac122ceDLx可以一步到位的吉他！,0
上了K8s，核心技术专家却离职了？聊聊“逼走”好员工的隐形“技术债”,1
数学0基础 学会单招数学中-三角函数问题,0
空拍日本十大知名企业总部,1
影视中真香吃鸡蛋场面：袁大总统吃鸡蛋蘸盐，大傻哥街边吃茶叶蛋！,1
【弹丸论破】蹦蹦吧蹦蹦吧叽叽喳喳叽叽喳喳,0
AOC Q27G40E 27英寸2K原生180HZ电竞显示器Fast IPS快速液晶1msGtG响应外接笔记本电脑不闪高清显示屏 【G4新战神】 2K原生180,0
周深现场版《十年之约》王者共创之夜舞台，下一个十年我们还一起#周深 #十年之约 #王者荣耀 #共创之夜,0
鼬和鬼鲛抓捕鸣人，关键时刻自来也来救场,0
【静止系/MAD】初次见面,0
【CSTG汉尼拔】来点泥巴原话：这段切下来圈点华晨宇的妹妹,0
【MMD】Demon Lord（恶魔领主）／初音Miku_1080P,0
高级角色概念设计课：游戏与影视角色创意与表现,0
售价799元！七彩虹B850主板能否顶住9950X3D的压力？,1
【2025网络热梗】全是名场面，从夯到拉都有哪些？,1
【工作纯音乐】月色真美 纯音乐自选集,0
上单带飞，暴力输出全局无解说【lolm】,0
一口气学完初中数学，全程干货无废话，快速学完初中数学,1
【熟肉】世界竟在不知不觉中，每天都在 “制造” 恶魔,0
魔性神曲tooty ta,1
原来小象的头发可以这样玩！,1
【二人食记】二人食记|🍲好好吃饭是平凡日子里的浪漫,0
💥不要扣鼙鼓💥🤢🤢,0
冬天的第一瓢草莓蛋糕，多重口感超满足,0
直售房产，现在，轮到银行慌了,1
给20位厨师做培训，北京大饭店的要求到底有多高？,1
我赚钱了,1
《运气主播》1-9合集（第一季完）为了让大家意识到赌博的危害，我开播输个底朝天,1
做题TV之太简单了这还要讲？,0
女生们要小心路边的试吃活动,0
《魔女的夜宴》因幡 巡线（2）,0
【优优小福星呀】Up主探索中，欢迎收看求三连！,0
双11超值神价！荣耀Magic7 Pro 16+512G旗舰手机￥3899.71！购买方法 旗舰手机推荐 双十一荣耀手机推荐,0
东北疯讽刺配音756：福建舰服役，懂王、莫迪老仙儿有话说，爆笑,1
微信小程序看广告赚钱，一个广告0.5-1.5，一天稳定100+,1
安恩真X张基龙主演浪漫爱情韩剧《一吻爆炸》释出全新预告 今日Netflix同步播出,0
CeraVe适乐肤修护保湿润肤乳 欧莱雅集团 神经酰胺乳液面霜身体乳C乳6785,0
你在体检时遇到的最尴尬的事情是什么？,0
你发照片我配乐,0
【黑暗童话】从童年阴影，变成成年阴影！《怪兽电力公司》万字解析（完）,1
【悬疑动画】一口气看完《旧寝室楼怪谈》,1
苹果电视换16pm 沉浸式开手机店,0
追涨杀跌亏麻了啊！今天还能这么亏，我真的没脸了！,1
动作编程 -《Re-Activated》Demo 试玩,0
真香！又降价了索尼(SONY)ZV-E10 微单数码相机 4K视频 vlog 直播相机 zv-e10 创意滤镜 E10K黑色套机,0
质感和贵气一波拿下谁收到这个礼物都能感受到满满的用心！#点音k歌音箱#在家k歌#提升幸福感好物#点音双麦k歌音响-7540623593546943784,0
爹妈的影子,0
老司机必备! AI迎来大下海时代，皇得没边!,1
从夯到拉，锐评71款在售蓝牙耳机！爆肝万字！,1
朋友请吃鲁菜馆，没想到大厨竟是他？,1
震惊！塔2这么帅的龙只需要140rmb?!,0
"""【FGO・中字语音集翻译】【伊丽莎白·巴托里,Lancer】〔CV.大久保瑠美〕My room语音集""",0
小狗撒欢日常,0
人生南北多歧路君向平壤我向韩独属男人之间的浪漫特工,0
〖徐熙娣〗Crazy Mom!Melody聊媽媽經被小S吐槽是瘋子?!,0
我迟早笑死在谐音梗里！真的是又烂又好笑！,0
特效化妆师穿越古代丑女，靠易容术变身绝世大美女  #皇后娘娘的五毛特效,0
广州黄埔，化妆品直播间搭建。,0
面对持刀歹徒如何应对？#散打#格斗#拳击,1
11.10「每日中天」福建舰入列首次战力 美11艘航母半数停滞!四川舰电磁弹射直逼海试!,1
一加 Ace 5 至尊版搭载旗舰芯片，日常使用流畅不卡顿，配合国补优惠，现在下单更划算。拍照、游戏都轻松应对，是实用又高性价比的选择。,0
病越治越多,0
段位可视化显示bug,0
【第一次看生万物】29：为灾民开仓放粮[reaction],0
用五段RAP来预热一下solo吧🦋,0
《恐鬼症》15倍天启3完美通关挑战之学校,1
【妥协】撕心裂肺的呐喊，却难以逃脱与世界的隐形契约，用妥协熨烫明天！,0
共定位分析懒人福利！eQTLGen + 芬兰数据库,0
【免费分享动态壁纸】动漫女孩 三连视频简介自取,0
苍井优又又又被强奸了，男朋友还在床上呼呼大睡！,1
工厂伙食 家常菜,0
若一去不回，便一去不回。英雄们以沉默赴死，却让荣耀永远照亮山河＃王本强原创音乐～《沉默的荣耀》主题曲＃中国流行音乐经典,0
出道即颠峰？本本上轻厉？一位“普通”的作家【轻小说作家/八目迷】,1
盒马20款饮品大测评！怒花400+这回喝爽了！这个夏天的快乐是盒马给的！无广测评,1
【现实贴】降噪耳机，骗得我好苦！价格100-1000的降噪蓝牙耳机区别竟然只有这些！,1
任然MV | 我的《飞鸟和蝉》，纪念结束的夏天,1
使命召唤手游非常11好玩不错的游戏玖精彩日常集锦实况7,0
百变马丁（原马丁的早晨）第二季,1
你可能没见过的书架升级？！【整合包开发日志】,0
吸引力代码｜女人“好色”吗？——科学揭秘女性“欲望”的双重面孔：身体的“开放”与大脑的“挑剔”｜ 生理知识｜夫妻生活｜男性魅力｜两性知识｜前戏｜激情｜欲望,0
河北师范大学考研考研专业课自命题试卷拆封流程！必看,0
苹果折叠屏iPhone研发进度提前，网友调侃：这是被刺激到了？,0
有声轻小说《我永远不会忘记，灿烂一瞬间的你》,1
♡ Mellawnie·中文字幕 ♡ 巧克力麻薯冰淇淋,0
我受够了等待 你所谓的安排,0
20星的排位真是人才济济,0
一碗热腾腾的冒菜，辣里带点温柔，每一口都像是给胃的拥抱，暖的是身子，更是心。这几天家人都在农忙，找到属于自己的那份热辣慰藉……,1
【頭條開講20251110】中国全运会开幕式火爆全球.美軍工末日川普自稱禁令全開.大陸央視起底沈伯洋將發起全球通緝.呂禮詩 李大中 謝寒冰 蔡正元 周錫瑋,1
诡异员工来吃八元的员工餐，桌上却是珍馐美味。,0
极限拉扯，这场对局给我打兴奋了,0
火云邪神还会捉鬼？一家四口贪便宜搬进别墅，不料里面全是恶鬼！《猛鬼佛跳墙》,0
论文说钓鱼140：深秋野钓如何科学找鱼？,0
如何上手Linux？看这个视频就够了,1
双十一家族内斗❗️友商蒙圈❗️,0
看到了萌萌弹钢琴的手，而不是扒sha$&amp;窗的手！,0
【gacha还原】太阳系Disco,0
洛天依原创-我的新世界观,0
这个洞是拿来做什么的！(´◊ω◊｀)网络上那些爆笑的沙雕图【310期】,1
《后劲那么大》吉他弹唱版欣赏,0
一抽三金，是在暗示我游戏技术好吗，我感觉我没这么好呀,0
为什么要学数学？因为他是文明的皇冠！一个视频带你感悟数学中的哲学思想！,1
天素罗遇到了酥油粒哦！,1
告五人-迷雾之子,0
一个人的修行之旅（38）,0
做拳击教练这一年的经验心得分享小节 1.,0
Faker和Uzi再次同台引感叹 世界赛T1为何总如此强大,0
知禾错付,0
2024 Melon Music Awards (MMA) 颁奖礼+舞台表演全场,1
湖南单招最好捡漏的8所专科院校,0
卡萨帝油烟机大吸力高品质厨房,0
重返伊拉克寻找水果大叔，时隔两年再次踏入这片让我们感动的国家！,1
关晓彤 天坛月 高清伴奏 和声伴奏音乐,0
vivo X Fold5手机屏幕高清流畅操作体验,0
【黑袍纠察队  全四季】4K超清修复无删减完整版,0
小舞VS敖闰姑姑谁最漂亮？,0
纪念抗美援朝出国作战70周年——每一只兔子都有一个大国梦,1
EB03全妹卡爆箱，这回还能一败涂地？！【OPCG】,0
东方大电影，有资格医师永琳,0
直观感受不同Pocket 3滤镜拍车的效果,0
【诸君，该入万魂幡了】世上哪有绝对的正义与邪恶！历史由胜利者书写！当魔修成了正道魁首，那魔道就是正道了。,0
一口气看完《东风战神》,0
红海危机下，全球商船的真实选择！,0
25年最新版AI大模型全栈工程师课程，适合人群：程序员转行、有编程基础者入门,0
世界破破烂烂，小猫缝缝补补！,1
好文章分享：伤jing的表现,0
【PR插件】2025最新PR全套插件合集，包含预设，效果，转场，卡点，字幕五大类，16000+全套升级一键安装！您想要的都有，你确定还不用？,0
纯电、插混、增程到底怎么选？,1
真正的街球精神，NBA球星们在赛场上最炫街头风高光合集🔥,1
SKP-厂商-最珍贵的你-1110-WYQ-AXR-H (8),0
让你对乒乓球的旋转茅塞顿开！,1
旅行车装顶箱，就为了看这一眼！,1
霍金和爱因斯坦的极品飞车,0
TCL电视 43V8L 43英寸 2GB+32GB大内存 护眼 AI语音 投屏 以旧换新 家电国家补贴,0
Lovelive四代对手团歌曲合集,1
红旗20画面和歼20开弹仓发射导弹画面,1
中年人买华为，绝望且窒息,1
666手书完成了，耗时几个月（因为复习嗯嗯）,0
耐克运动鞋采用舒适缓震科技，透气网面设计让双脚干爽不闷汗，适合日常通勤或健身锻炼，鞋底耐磨性强，走多远都稳当可靠。,0
小树美唇油L01，轻润不黏腻，自然提亮唇色。日常通勤、约会都适用，一抹显气色，唇部干燥救星！,0
和“队友式生命检测仪”一起打度假岛,0
旮旯game里根本不是这样的啊！！！,1
我的世界下了一场雨 他名黎洛雨,0
华为百瓦快充充电速度提升显著，告别手机充电慢烦恼，日常使用更省心,0
离开对你是解脱。,0
湖南单招最难考的十大专业！！！,0
20min爆爽开箱！双十一疯狂购物大成功！！爽啊！！！,1
青出于蓝！郭麒麟京剧功底震撼全场，老郭自叹不如甘拜下风,0
跟狼队友顶级配合，直接逆风翻盘拿下胜利！,0
演讲背景｜配乐版｜树叶｜阳光｜森林,1
恐龙哥双色球第130期,0
【直播切片】边打边唱歌 适配度超高,0
๑⁃̀⩊⁃́๑,0
最近指压板超慢跑是真的火爆,1
虾仁穿越北宋成为大宋第一神棍,0
【一曲杂谈】策划面对面2.0丨叶瞬光技能提前进测试服丨联机活动分析,1
我不是ai啊啊啊我哭了有空放假了给大家直播写作业哈哈出呆维吧,0
闭关万年变成宗 门老祖的锅炉工！,0
烤制不均翻面烦？大容量炸锅解忧愁珠珠甄选推荐,0
【参究故墟大活动】原神150全托包含，奇异果的,0
记录一下我的杂碎想法,0
中国首位男子综合格斗世界冠军，实力打脸黑粉，成功卫冕金腰带！,1
影视名梗万恶之源纯欲版,1
《二十不惑》-第38集-剧情贴近现实生活，代入感强到爆表,0
居然是这样吗？,0
AustriAlpin眼镜蛇腰带扣开箱视频,0
这铁门还阻挡你俩发挥了是吧……,0
以防你不知道库街区可以分类查看食谱,0
生啤酒、蟹酱、炸鸡都是无限续杯？发现了史无前例的性价比无限续杯！,0
真香！又降价了索尼(SONY)ZV-E10 微单数码相机 4K视频 vlog 直播相机 zv-e10 创意滤镜 E10K黑色套机,0
全球冰封，和家人提前准备物资，末日窝在家里吃着火锅唱着歌,1
1-1-11-480P 标清-AVC,0
二次手术需要合理安排,0
【新角色爆料】3.8版本新击破角色0+1自动末日实战,0
零基础学编程 | 一秒清除Python字符串里的所有“垃圾”空格！,0
惊艳女烟酒嗓即兴一曲《龙卷风》,0
没有人会学不会这样录屏！真的超简单！,0
速影C400运动相机，画质清晰细腻，防抖效果非常棒,0
最高9.9分！这就是我一整年的快乐！46部7月新番完结吐槽·下,1
项东身份曝光，老爷子立马变脸，让晓晓和他断绝联系,0
学习剪辑第二蛋010老师说还达不到投稿标准，我会继续加油的,0
全体起立！！双向射手五阶技能爆料！究极旋转！究竟有多厉害呢？！,1
赚钱信息差，不会出现在网上,1
全400+集【萌鸡小队】合集 幼儿启蒙动画 亲子早教必看系列 助力宝贝启蒙社交行为习惯启蒙 奇趣动物,1
体验山区简单乡村生活的舒适：用柴火炉烹饪阿吉卡酱,0
禁止废话：一口气看完100个小知识系列！涨知识了,1
它用销量证明了，“方盒子”≠小众车,1
iPhone 15 Pro Max 4800万像素ProRAW拍摄体验分享：细节丰富，后期调色空间大，日常光影质感提升明显,0
【省127.82元】海澜之家拉杆箱_HLA 海澜之家 行李箱 大容量 象牙白 29英寸,0
这个是白糖啊,0
很普遍很有争议的关于霸凌,0
【特级加急】路人首看小约翰奇葩小国Reaction1.0 啥都可能发生 小国故事不遑多让,1
你还在进行无效练歌吗？每天只要2小时坚持一个月显著提升唱功！【收藏即可进步】,1
【一小段翻】室内,0
看着就很爽,0
你永远想不到三次元怎么简称你推！！,1
火力猛，电费省！ 苏泊尔3500W电磁炉，高效加热，省钱就是赚到#厨房好物,0
自用超长猫咪爱看的电视TV动画片30分钟,1
40分钟 超慢跑｜190BPM超慢跑｜轻松音乐🎵｜暖身+伸展,1
【2025年钢琴演奏】幻想即兴曲 肖邦/异国钢琴教室【完整课程主页简介自取】,0
乒乓教磕书第16期：正手拉球框架最细讲解！真正的必看！,1
26年二建《管理》宿吉南 核心600母题，电子版可无偿分享 打印直接刷!,0
我买了全球最受欢迎的武器！世界第一销量！顶级塑料枪！,1
苹果17手机壳保护性强，手感舒适，日常通勤、户外运动都能安心使用，防滑耐磨，有效避免意外跌落损伤。,0
Zippo防风打火机实用耐用，风中稳定点火，适合户外野餐、露营、日常使用，每次都能快速点燃，信赖之选。,0
这个季节来一锅热气腾腾的大烩菜，吃起来太过瘾了,0
ARZOPA阿卓帕1英寸144HZ 高色域便携式显示器  笔记本电脑手机游戏机副屏 太空灰,0
一分钟了解：单片机中的看门狗的工作原理,1
科比跟2pac果汁唱迈克土豆,0
信浓低手28w伤害回放,0
华为matepad柔光屏笔尖分享,0
一天一首古风入坑曲（185）-我与自己唱相守-云之泣,0
影史上科比参演过的那些著名镜头,1
车臣人试图抢夺羊羔，草莓蛋糕试图旋转。,0
【起飞的汤姆猫】更新了一条视频，快来围观！,0
【Sora2】50年后的尼康佬be like：,0
西班牙斗牛曲-动感舞台led大屏背景视频素材,0
【武动/乾坤】4K（全5季）,0
从零到专家：UG编程全科班，我们保你到就业！,0
凤舞九天排列最新精彩讲解规律,0
I think......,0
攻略陆尧第二年，他终于放下了心中的白月光和我结婚,0
用一个30号镶嵌【族长和祖父】打6BOSS，攻速超级快，伤害超级高，直接起飞！！！,0
小米14手机壳长期使用不变黄，抗汗抗油更耐用，日常通勤随手一握也能保持如新,0
五音疗愈《逍遥游》平衡五脏 · 调和气血 · 舒展情绪 · 恢复内心宁静 、清晨醒来、午后休憩、傍晚散步，或心情郁结时,0
不笑算我输，最佳搞笑视频合集,1
【燃脂超慢跑】节拍器 180 BPM | 30分钟 | Super Jogging | Metronome,1
全球超萌猫咪，点亮你的每一天！😻,1
东大新系统全球导弹防御系统，可同时跟踪千枚导弹！#军事科普 #震撼 #外国人看中国 #外网评论,0
宝贵的第一次小破站中奖给了TTC正牌科电,0
无油的戚风蛋糕做法来啦,0
【uMAXit Football】战术详解  三后卫体系,0
打卡,0
两个6.0挪德卡莱打完拉~期待下一位板板的到来,0
[中字]Faker，书写新历史 T1，达成英雄联盟全球总决赛史上首次“三冠王” JTBC早间新闻,0
没有PS和滤镜的年代，美得如此真实而震撼的林青霞,0
当你迷茫时，不妨听听胡桃的话,0
【费马的料理】全12话 超清中字（完结）,1
【官方投稿】【ＸＦＤ】少女分形/輪廻転生のバタフライvol.1,0
梅西有权力不防守？谢宇宁聊梅西散步实际是在寻找接球时机，有球实在太强了,1
【动漫素材】&quot;鬼灭之刃&quot;最新素材来啦！！全新496.8G超高清 4K无水印漫剪素材合集！！动漫混剪必备！超10w+素材合集！！白嫖党福音~,0
小鱼不知道说什么了自行观看吧,0
时 尚 圣 经,1
“300年手枪史（1725-2025）”,1
医疗小程序03,0
[HARD TECHNO] HOLY PRIEST | PAROOKAVILLE | RAVE CULTURE | 2025,0
【十年榜】2000-2009年最强华语金曲TOP100，卧槽，这才是真正的神仙打架？首首都是无敌神曲！！！,1
地铁逃生苏尔南实验基地少人局刮地皮,0
《二十不惑》-第39集-角色性格鲜明有趣，互动让人会心一笑,0
馆长11.3直播，汉我一起游福建第二日（14）：品尝漳州本帮菜，馆长感叹像回家了一样,1
某音播放量过亿，一部被书名耽误的神作！,1
绿蛙狂庆祝说 日本承诺大陆攻台就消灭北京,1
【原创歌曲】💓Dancing I b站首投原创歌曲💓,0
退游一个月短暂回归，果然还是不能对马服太好，之前那万圣节皮肤开了十几个箱子一个没出，德拉科这皮肤真的帅啊,0
AMFLOW 原厂灯组安装说明,0
影视名梗 万恶之源⚡⚡⚡,1
多口之家洗衣大作战，主妇好帮手还得是它！,0
还是得熟人局，你永远可以相信腾哥的嘴,0
怀疑是本色出演劫匪,1
S5·喷火龙？让你们好好看清谁会不会赢！？,0
美食八王VS史莱克七怪,0
库存，你们相信吗？我还有好多库存#记录真实生活 #原创视频 #vlog日常 #体重打卡,0
不速之客猫咪来茶园 帽子鸭迷路隔天现身,1
鸣潮白衣女剑仙亮相，大量版本周边上新。库洛校招面试流程与面经分享。鸣潮发布仇远练过的剑谱秘籍，我的武侠梦,1
卓沅《Mad Boy》4K横屏直拍-「杭州D2」251018 卓沅2025key’s keys巡回演唱会杭州站Day2,0
买车听我一句劝：要么纯电车，要么纯燃油车，混动慎重！,1
资生堂面霜使用感受分享：质地滋润不黏腻，适合日常护肤，敏感肌也能安心用,0
国外1400w粉丝大佬｜“断食法是你能为自己的健康做的最有力的事—医生Eric·Berg,0
我孙笑川跪下求你们别再做cs2预制obj.拼好o了，哪怕用点心求求了,0
千年【刘宇2025年宇宙诗人巡回演唱会-上海站】,0
轻松学会多机位访谈剪辑，程前朋友圈的剪辑师同款技能get；FinalCut精剪+剪映包装，商业IP剪辑全流程,1
小米净烟机P1无需颠勺享无烟烹饪珠珠甄选推荐,0
闲置的经书、fo像，可回寄本寺免费帮大家妥善安置。,0
框框一顿吃，只为chiikawa周边？！,0
学生认证：泰坦军团 P275MV-A 27英寸QD-MiniLED显示器（4K/144Hz、1K/288Hz、100%sRGB、HDR1000）,0
烹饪备菜要省心？容声方糖505机皇冰箱值得入,0
饮料评分排名【虎扑锐评】,1
奇葩盲盒爆笑开箱瞬间,1
Python打造12306火车票抢票神器,0
如何评价比亚迪和蔚来加起来利润不及丰田十分之一？,1
【Meg麦格】两年前差点被贝果“送走”，这次复仇成功了🥯🔥,0
盘点中外亲热名场面 你们一定没有看过的亲热合集,1
新人必看：无基础如何练习直上大师？第二期,0
【碳酸教父】教父终于喝中国版汽水啦！！！,1
给你一个25年重新入坑《上古卷轴5：天际》的理由【光追和整合】,0
三星手机99%人不知道的两个验机步骤！,0
再降价、PLUS：AOC 爱攻31.5英寸4K QD-OLED 165Hz 0.03ms AG326UD,0
初音未来expo完美结束，大家玩的开心吗,0
全新完美屏16寸1.5k144hz一线通便携显示器,0
【恐鬼症】所有诅咒道具用法,1
一种基于特限水月和锋芒发硎的摆完挂机永控红王方法,0
【英配英字】祁煜：逐夜乘歌(Rafayel: Evernit Meloride)·活动剧情|恋与深空|无痛学英语,0
“你们的理想终将在两岸统一的进程中得到实现”，台湾青年在马场町含泪祭奠先烈,1
中国两千年考公史：在古代，一名公务员到底都会些什么？,1
【卡玛林斯卡亚舞曲】俄罗斯民间歌舞|《柴可夫斯基少年钢琴曲集》作品39NO.13 | 曲调欢快起伏，一听就是俄罗斯风格。,0
我不再买面包了， 正宗意式免揉面包 ，折叠式烘焙,0
电棍难绷蠢驴在皮套人直播间剧透弹丸论破，锐评虚拟主播本质是骗钱，星瞳装扮不如阿梓，那个关公咆哮太经典了,1
《二十不惑》-第37集-青春选择充满勇气，敢作敢当真性情,0
音乐平台百万播放的【原创曲】忘忧谣，在小破站会有多少播放呢？,0
新人必看，一个视频讲清发射器类型与玩法,1
你能复制我的阵容那我的唐氏呢,0
不愧我庆奶！！原来她才是第一个说不喜欢王家卫的人！2001年时就吐槽过王家卫落伍过时，她两天就能拍完墨镜的电影！而《花样年华》被扒出大量抄袭模仿镜头...,1
米家 小米侧吸抽油烟机净烟机S1 家用液化气燃气灶MJ05CY【套装商品】,0
火鸡面,0
难绷，这14杀又是谁的一辈子,0
抠门老头一辈子不吃菜只吃饭，馋了就看看房梁上吊着的老咸菜！ #老电影 #创作者扶持计划,0
宏碁蜂鸟台式一体机办公学习好帮手，节省空间运行流畅，家用更轻松。,0
ロストマン covered by 虎金妃笑虎,0
SANC盛色27英寸4K144Hz双模1K288Hz硬件低蓝光IPS HDR400亮度 旋转升降 电脑显示器电竞屏幕 G7u,0
【新版】缪斯的歌你还能记住多少？——LoveLive!全曲榜μ&#x27;s篇(共128首),1
速刷骆驼奶，做菜·果味奶皮卷篇卖宝钱（新录）。每天七八分钟，不需要采集，但需要暗杀怪，带蓝色心法山月无影三重，可兼顾刷狗粮。,0
10月31日舞萌登陆现状,1
ⅢRE：IDOL-⑤《ライライ》-MAD：纱仓sakura、零伊reii、银鱼sakana,0
普丽普莱葡萄糖胺软骨素，专为中老年关节养护设计。日常走路膝盖不适？服用1个月后酸胀感减轻，上下楼梯更轻松，坚持使用体验更好。,0
2025-2026-1 复变函数与积分变换 36 拉普拉斯变换 傅立叶变换的修正  代入与套公式  跷跷板原理,0
女生 Lucifer全曲 一镜到底挑战！SM什么时候把孩子们放出来！ | SHINee-Lucifer（smtown）,1
小猫咪可可 我们家的小猫咪 启蒙教育 普通话童谣 人气儿歌LiaChaCha 依娜和恰恰-儿歌童谣,1
兔子吃东西，咀嚼音，吃起来香香的,1
高中生的夜生活,0
沉浸式是刮地皮😋（这一期话有点多）,0
156斤备孕女孩，不上班快乐吃喝的一天～520平淡的过去啦,0
【老E】eQc难绷自己的sora2小视频,0
￴    ￴,0
「小白」2025双11手机怎么选？全价位购机指南！,1
带这个小相机出门拍照，是不是很有意思，回头率十足！#迷你相机 #数码科技 #迷你相机推荐 #ccd相机,0
讽刺三起恶性事件！,0
我是都市特种兵王全集,1
绝区零 伊德海莉mmd,0
【骑行日记】“我上坡慢，但我下坡快啊”,0
能送货，还能投弹！国产无人运输机真是太全面了~,1
"韩国人吐槽中餐“中看不中吃”,韩国人要是看不明白中餐就直接闭麦吧，不懂装懂真挺尴尬的！",1
当我在市博物馆遇到她,0
这才是真资格的极品牛人，在超强暴风雪中露营，风力达到了8级！,1
《二十不惑》-第17集-职场新人成长记，初入社会的酸甜苦辣,0
西海岸 甜趣101房间 最美主持木沐 古风舞蹈《相思谣》展示！欢迎团播主持投稿！,0
国风宝藏BGM｜浮光掠影，皆是人间惊鸿。,1
Salt’Vlog｜国庆小尾巴做软陶 治愈爬山时刻,1
颗 秒 最 多 的 一 集,1
魔法少女的魔女审判 全角色声优还配过哪些人物？,1
爷青回！这才叫英雄联盟！,0
这么漂亮的九尾狐姐姐，你心动了吗_ #动画,0
【喂饭级教程】B站首个系统的零基础唱歌教学视频，嘴对嘴教学，用最简单的方法教你学会唱歌！！（包含所有唱歌技巧和发声方法）,1
【崩铁 X 绝区零】Dances女团摇,0
酷开创维台式电脑主机是平面设计和商务办公的大救星,0
带屏幕、还能互动的充电器，点音电饱饱，好看又好用的充电头#点音 #点音氮化镓 #氮化镓充电器 #手机快充头 #点音像素屏,0
神车飞度又“火”了，一个月只卖了16辆,1
\o/\o/\o/\o/\o/阿格莱雅大人\o/\o/\o/\o/\o/,0
狗，到处藏东西,1
【录播】_祝我们永远谈天说地_2025/11/10-075904_饱崽兔Tuu-唱见连  [tools版],0
杜恰爵士吉他第一学期 源文件,0
新手必备！无尘仓钢化膜贴法教程，轻松上手不气泡，iPhone15ProMax贴膜不留痕,0
【BOYNEXTDOOR】模仿成员这块无人能超越！爆笑舞蹈炸弹游戏请品鉴【声音速写新歌专访ep141】,1
神仙打架还是集体扑街？超长Vlog前排直击时尚圈大换血！,1
Golink加速器口令兑换码CDK：每天白嫖一款游戏加速器,0
teto梨😭,0
50分钟看完《水属性魔法使》全集，男主独居山林开发水魔法，不知不觉境界已然无敌,1
哥特风天依～,0
伊德落枕了。,0
林院长为新四军运药，被特务怀疑，巧妙转移特务注意力,0
经典书籍《持续买入》精读：普通人投资致富的实证方法！,1
10分钟读完《杀死一只知更鸟》，破人生偏见,1
中国像太阳一样,0
赵山河｜《Skr》未发布新歌 1108广顺收官,0
Techno | Wallis DJ Set 锅炉房现场,0
逃离鸭科夫萌新前期最容易严重低估的神枪,1
呼吸哥误入Letme贼船把把倒数第一请喝奶茶：感觉在4骗1 大家也要小心！,1
韩女黄世彬VLOG❤️夏威夷辣妹模式🏝️尽情享受茂宜岛的浮潜、购物和日光浴体验🥵【SEBIN】外嵌中英字幕,1
无经验如何弯道超车？网络工程师入行避坑全攻略,0
吃达格列净牢记4点伤害小，您知道吗？,0
Hi Young! 广西佬 暴龙哥 点Hi Young教林雪架 唔知点 Hi Young全运会丧推啲Hi Young内容上封面,0
青雀带着他的神君们又双叒叕站起来了,0
每天都会和少女互换身体，这次交换后她却死于非命！是爱亦是复仇！荒木飞吕彦漫画赏初连载,1
打假6款“山寨饮料”包装1:1精仿，价格便宜一半，味道好喝吗？,1
今天开箱看门狗2新品软尾土坡车阿拉斯加,1
【坦克世界】金币直接买债券 还能抽新9金坦歼SU-122V：2025年双11活动“奇货市集”速览,1
团队新作~地理学视角下中国共同富裕的系统解构与时空关联,0
马戏破屏，打戏逍遥，背动显狂才——三轮和宏 作画mad,0
【原创】“我想得到爱让它包容我 因为我是个烂性格”,0
雅诗兰黛DW妆前乳SPF50，轻薄质地不黏腻，日常通勤防晒力在线，持久持妆不暗沉，适合油皮和混油皮，妆效自然清透。,0
纽约Vlog｜在纽约逛博物馆的记录 逛逛时代广场 去了三次的好吃韩料店,1
尝鲜必备！独家纳豆，口感爆表？？,0
同角三角函数基本关系式【公开课】【有课件教案】【高中数学新课标一等奖优质课】【新教材优质课公开课】,0
烘焙课程·裱花课堂花絮学员作品,0
伊德海莉-Apple Pie,0
伊德海莉 Party Tonight【绝区零MMD】,0
"最新《圆滚滚的动物》合集,胖胖的动物敲可爱",1
喜灰补全计划第一季（5-8）你以为旧喜灰不玩梗，其实是你当时不懂梗。,1
【20多款油烟机大横评】油烟机选购指南，老板/方太/美的/华帝/海尔/卡萨帝/西门子等品牌，双11省1000+！1000-6000元全价位推荐,0
三条A！,0
老师为什么要手写板书,0
单招数学神技·每日一招,0
游乐园防守把把必丢的道具-Ropz的自助匪口烟火套餐 太阴险了！,1
操控游戏【第1-4集】,0
神价！双11极空间私有云Z2Pro双盘位NAS存储到手679！nas存储怎么选看这款推荐,0
邪修!出门旅行好物推荐! 摄影|充电|背包|墨镜|对讲机,0
【CS2开箱】100发变革武器箱能出啥！？崭新迈阿密！！？,1
小兔子乖乖+更多儿歌🎵|小毛驴|儿童歌曲合集|益智动画|经典儿歌,1
Balance 哥带米雪吃翻香港。最推荐的三家店 溏心鲍鱼祖师爷、世界No.1中餐，老牌富贵法餐。香港美食精华都在这儿了,1
全10集【4K超清】金斯顿市长第四季,0
海尔柜机空调KFR-72LW/19A01，净省电AI智慧科技，大客厅制冷快还省电，智能调节更舒适，家用节能好选择。,0
现在开始，助手就是No.2烹饪者了！No.1是我！,0
为什么李广总是“运气”不好，样样不如卫青霍去病？从制度原因进行分析 | 制造汉武帝 第二集,0
《源代码》平行世界开启生死救援，用最硬核的方式重启人生,0
离大谱！房价为何越救越跌？如何精准预测底部！,1
♪王 牌 配 角 の 独 白♪,0
变身热血小英雄，和动画同款哪吒机甲并肩作战吧！,0
【サイバー禅意：浮世絵電子音景】和风/禅意/赛博武士/工业力量 /电子音乐/EDM,0
全面反手推、拨、撕、拉技术讲解,1
Apple/苹果 iPhone 15 Plus 手机 蓝色 128G,0
《恐鬼症》一局普通的恐鬼症 却意外解锁了隐藏难度，运气这方面 真的是拉满了！~,1
战 歌 起 ！ 爷 青 回 ！⚡一心一教⚡【LOVE LIVE!】,1
【Bangdream!】Butter-Fly - Morfonica [All perfect],0
玛奇玛小姐,1
国内-猫受欢迎度排名&amp;价格,1
【战地2042】日舞教学 小白萌新也能轻松上手！,1
解读「中国政府」行为，18分钟彻底读懂「中国经济」！,1
C语言入门培训：枚举类型，由成都彩烘雨电脑培训提供，线上线下1对1培训,0
HKC 5英寸2K 240Hz高刷250Hz FastIPS硬件低蓝光HDR400旋转升降1Ms游戏电竞电脑显示器 猎鹰G25H,0
憋不住笑了！满链弗洛洛不进大单通中4！所有人保持嘴角向下！我知道这很难！,0
【梓渝reaction】当slm遇见她的天菜，当然是大吃特吃啦嘿嘿,1
奥斯卡金曲《That Girl/那个女孩》#车载音乐 #欧美音乐 #thatgirl,1
【B站最全整理上传】世界顶级练声法 SLS混声教程 中文版全集分享(王力宏、林俊杰、邓紫棋都有参考),1
【中配】末日装置与本体论武器 - Isaac Arthur,0
你将噩梦中醒来。,0
PTE RA还能用一句话吗？如何选句子？,0
vivo X100 Pro+拍人像真香！虚化自然不假，日常随手拍都有质感，手机圈卷得值！,0
最硬核的一期 专业股票投资人怎么看门道？,1
【超干货教学】如何正确的唱出混声？练习好这两个发声动作，就是你声音质变的开始！赶紧收藏练起来吧！,1
海草帽团的模仿秀，要被这群逗比笑死了！,1
被全家夸爆的回锅肉做法，没有科技与狠活，只有老川味,0
讨厌外机占地方？小米风管机一拖一，省空间更美观2099,0
国际最新消息：解放军在福建舰服役当天，签收了一整个航母打击群？,1
【2025】超详细Python安装教程+PyCharm安装激活教程，一键激活，永久使用，Python下载安装教程，附安装包+激活码，Python怎么安装？,0
“中国作协只养一个人，那也该是史铁生”【寻找·史铁生】,1
科目三：壮志凌云,1
【大家测】售价4199起 HUAWEI Mate 70 Air开箱体验 | 对比热门机型,1
《二次元商业背后的故事/绘画少女与面试/pk》一番直播回放2025年11月09日,0
科沃斯T80S扫地机器人，扫拖洗烘一体，自动清洗滚筒，支持全自动上下水,0
【授权转载】【魔裁】少女乐队,0
关键时刻22-7 火箭逆转雄鹿 KD31+7 申京23+11+7 字母哥37+8,1
#初中地理 #每日一题,0
使命召唤手游非常11好玩不错的游戏玖精彩日常集锦实况4,0
【每日一遍，谨防抑郁】,1
海蓝之谜精萃柔酸水温和去闭口｜敏感肌也可用｜早晚护肤好搭档,0
我靠这些简单、甚至有点无聊的规则，富了一辈子——查理·芒格,1
终于看出7换1的含金量了贝恩漂移三分压哨绝杀开拓者,1
【憧魔】只是在休息的君王艾露诺和乐可慕斯卡,0
手残萌新丝之歌受难！19.灰沼鸟窝连战受难集（累积失败4次）,0
一加Ace 5定制外观，轻薄手感+持久续航，通勤路上畅快刷剧不焦虑，颜值实力兼备，展现独特品味。,0
包豪斯设计上桌，主机真能变艺术摆件吗？ (6902),0
如何解锁iPhone16pro最强视频拍摄模式｜ProRes的开启方法及摄影app推荐,1
【动漫素材】最新国漫！！动漫国漫素材合集！496.8G超高清4K无水印漫剪素材它来啦！！！再也不用担心找不到素材啦！动漫混剪必备！白嫖党福音~,0
中国特警边境与悍匪激战，感恩生活在和平年代,1
吃的干净真的会瘦❗️无糖无奶酪酸奶巴斯克蛋糕配料超干净的酸奶巴斯克，解锁减脂期甜品✌️,0
“当岁家遇上二拜天地”,0
纯电、增程、插电、油混……啥区别？,1
这里的十几万，喊出了短剧，几十亿的激情哈哈哈#一起来看流星雨,1
【福特级详解】现役全球最大航母 美军海上威慑力的象征,1
河北工业大学材料学院考研专业课880材料科学基础,0
为什么化学教室有一个淋浴装置,0
我可以玩明日方舟😭,0
六祖坛经58-体佛法师讲解,0
好兄弟虎牙又来送货，全新25pro256wifi版#手机数码 #数码科技 #iPad #25pro,0
XDD：水水 你可千万不要飞鼠啊！那就不好了！弹幕：恶魔的低语！,1
玫瑰花从来不会打折，浪漫从不廉价,0
航海王红发歌姬 啊啊啊！谁懂啊？！溢出屏幕的霸王色，我要去电影院做高等海贼！ #电影航海王红发歌姬,0
菲律宾北部正被台风“凤凰”二次去城市化，几天前被“海鸥”吹失踪的一百多人还在失踪（看来集体跪大海求上帝确实没有什么卵用）,1
TasLim_2025-11-08_22-35-32,0
睡前助眠故事：人类起源，和旧石器时代诞生。,1
明日方舟｜每一步都踩在点上｜好解压！,0
【聊聊】各类游戏的感触,1
【小雾uya】《傻傻》“我弹唱的歌曲都专属于你”,0
大型纪录片《破棉鞋缠粗麻绳》持续为您播出,0
ZyjZhw Defqon. 1：电音节之王-虚拟电音节(2025.11.10   星期一),0
【终末地-陈千语】不说话，装深沉，纯耍酷~（DNA）,0
【新人首投】一切从这一刻开始：我有一个梦想！,0
3个月累计超过6.5亿韩元，是韩总统年薪2.5倍！尹锡悦在看守所收到巨额汇款，这笔钱可在被羁押期间或获释后提取，其妻子金建希接收约2250万韩元,0
再降价、PLUS会员：HUAWEI/华为 MatePad 11.5 S 平板电脑 2025 11.5英寸 柔光版 冰霜银 12+256GB,0
【谷子开箱】300+元非人哉盲盒谷子一次开个爽｜19min+超长下饭向,1
【瓶子】有点不懂啊！看完道诡的结局 一个是he另一个是be 这怎么回事啊！“结局怎么样？只能说不是一坨！看到后期有些书评太搞笑了以至于我像个精神病！,1
DOTA 阿川：全能第一视角，陈护士来袭，主力心护士命,0
44分钟180步频超慢跑跟练打卡，暴汗燃脂+拉伸完整版，蔡依林卡点歌曲+节拍器，按摩疏通的同时完成运动，边跑边听节奏欢快爽爆了，越跑越起劲，点赞收藏起来,1
71 [FFXIVxMMD] MEOVV(미야오) - HANDS UP,0
猫界特辑：中华田园猫五虎上将闪亮登场，个个是狠角儿,1
「小摩研报解读」20251109：一线城市放开限购只能带来短暂企稳，房价较峰值已跌去38%，今年累计下跌9%,1
电台少女附体意外！和梁思浩节目讲解驱除过程的一些细节！,0
火柴人 VS 数学(Math),1
广东工业大学2026年809信号与系统冲刺预十二套（1）,0
《越打越年轻&amp;叮咚鸡》太洗脑啦,1
“纵有狂风拔地起，我亦乘风破万里”恭喜情久夺冠！！他们做到了！！世锦赛冠军！！,0
跳不齐不准路演的程度 来看看这个珍爱翻跳合格了吗！,1
潘宏和狗,0
全员齐聚版NOUS Cypher！派克特、贰万、echo、CREAMD、乃万、张昊、辛巴、丸子、小车、KIGGA、鱼头、刘柄鑫,1
《一直在等》温柔甜美ksm【夢ノ結唱 POPY】,0
韩国街访：我们不接待中国顾客，这是种族歧视？还是店主个人权利？你给日本和中国分别打几分,1
著名kol鸣潮区up主热爱游戏张大狗如果离开了米游，他还会有流量吗？,1
绝区零 简 cos,1
小兔子和小鸭子的森林冒险之旅,1
【已完结】苏皓：老爹送我去当兵 第一季,1
【折原露露】惹“仇恨”管不住嘴还吃不胖（求赞求关）,0
enya恩雅Inspire单双小双摇智能电吉他 洛天依联名款 专属好礼 品牌直发,0
毒蛇界真正的死宅,1
Giada Brince Autumn Vibes DjSet,0
告五人-愈合,0
这个市场已经疯了，双11早点结束吧！,1
联想来酷Mini Pro 锐龙7-8745H八核高性能畅玩网游，剪辑办公轻松拿捏。超详细性能实测，玩,0
340km/h，我把自己变成了一颗流星...,1
SUPOR苏泊尔豆浆机P108|破壁机|料理机|榨汁机|玉米汁机|果汁机 产品视频拍摄样片案例,0
低饱和钓系妆容教程：轻松上手的日常通勤心机妆，用【品品名】XX系列自然显气色，打造温柔伪素颜。,0
【妻子变成小学生】全12集 超清中字 （无删减版）,0
踮起脚尖爱-翻唱：筱露涟,0
国宴为什么要以淮扬菜为主,1
免费伴奏|&quot;时间治愈一切伤&quot;J Cole x Kendrick Lamar x JID TypeBeat&quot;JTX&quot;,0
人家盗窃卢浮宫都有空拍个视频，你却告诉我你没空回我消息?,1
为了学习媚术练出灵活的舌头，女人将粒粒葡萄舔的只剩果皮....#婢子为凰,0
【系列指南】看门狗买哪一部，看这期就够了！,1
这部电影太精彩了！《南北少林》,0
双人电竞房间，带阳台包水电，包月人均46/天。,0
Sentient AGI After Party · 深圳站现场回顾,0
记录#大疆mavic4pro,0
预制食品测评第361天：燕麦脆、厚切吐司和蓝莓桑葚包,1
蒙古国国歌,0
下午茶马卡龙吃做一条龙,1
【温妮20251108】今天很开心,0
东芝微蒸烤炸一体机小白茶7232，京东自营正品，功能多样，操作便捷，厨房好帮手，提升料理效率。,0
凤凰传奇30分钟跟练版—180步频超慢跑神曲，居家锻炼不花钱跑步神曲,1
SILVERFOX - Be Beach Dxb,0
左右横跳式外交之我的国家只有0.1%T【小约翰】,1
第一次给狗子们穿上鞋，差点把主人笑岔气了！,1
【ITZY】251110 ITZY出席 TUNNEL VISION 快闪店 摄影采访合集,0
【吉他推荐】依班娜日产吉他 摇滚利器,0
【粒小哩】一笑倾城 🍭跟甜妹一起寻宝藏🍭,0
4个队友酷酷送 对面打野是小贷怎么办？泽拉斯直接轰烂他！,0
古耶是何人？令东契奇73分福地变噩梦，打NBA是想给妈妈买房,1
&quot;Unboxing 🛒 沉浸式开箱,1
明日方舟2,0
颐莲玻尿酸喷雾，深层补水唤醒肌肤活力,0
【全场回顾】2024年巴黎奥运会男篮决赛 美国VS法国,1
【看番教程46】 Docker是什么？怎么用？教你用Docker搭建属于自己的看片网站,1
假如麻辣鸡Nicki Minaj在Spaghetti里有一段Rap,0
都想看看我在狗场和狗子生活的一天，今天就安排,1
主教练正在热身（三角洲得吃日记10）,0
降噪+音质+舒适度！三巨头横评，谁才是头戴降噪耳机的天花板？,1
python演唱会抢票hx2466 录像,0
面相粉丝，也是面相未来的一次谈话,0
【绘画过程】叉葱   ✧“你好，世界”✧,0
两个搞笑女，没有爱情,0
CC和方方在户外自助洗车,1
【水友投稿】火男五杀！（当事人说嗨宝很好吃,0
门尼《看门狗》——人生如戏，谁不是那条忠诚的狗？,1
大明：让你上吊，没让你当暴君【ZH有声书】-+_20,0
转行自学网络安全近半年！第一份工作就成功拿下9k的offer！上岸经验及学习方法分享~,0
风尊二代Pro节能实测：整夜开启也敢看电表，安静省电体验更安心,0
畅享音质，持久续航，三防荣耀畅玩70Plus新体验,0
【露营】油管2800万播放，沉浸式体验野外露营,1
啊~,0
生酮食谱｜7天不重样，吃饱吃好还掉秤！,0
使命召唤手游非常11好玩不错的游戏玖精彩日常集锦实况6,0
自费购买华为pura80标准版！真实体验究竟如何？,1
无唱助眠相声盲盒【159】晚安伴眠放松电台音频郭德纲于谦,0
我妈的五十岁生日宴上，几个彪形大汉冲进了现场,0
福建舰入列！人民海军进入三航母时代,1
【综武问答：段誉、岳不群集体社死】穿越综武世界，恰逢直播问答游戏降临。他凭先知优势答题获奖，而天龙、射雕等世界的名场面接连曝光，段誉、岳不群等大佬纷纷社死，江湖,0
十种最受欢迎的宠物猫,1
一口气看完【药屋少女的呢喃】猫猫抓了壬氏的大凶器，被睡了，药师少女的独语，1~14集，四月新番，动漫解说,1
十字相乘法（二）-非首一,0
“愿你我皆得尝所愿，余生平安喜乐”,0
【迷茫你就来！】最强软件测试职业规划｜10年成长路径全解析，从功能测试到AI测试专家,0
像素射击账号出售 适合新手的号 自带价加q1702880141,0
我的世界落幕曲18 清理下界BOSS,0
武警特战独特的手枪定型据枪训练 及实弹射击,1
慧禾录取榜 —— 德国代特莫尔德音乐学院钢琴专业王瑶,0
入坑小白看,0
自用Lovelive缪斯宅舞减脂狂跳一小时,1
《弥 渡 山 乱 开 派 对》,1
人老了就目不了惊雷吗？王梁的微信兄弟又多了一位牟庭锋#NBPL #永劫无间侠风赛季 #永劫无间道诡异仙联动 #永劫无间赛事,1
盘点近期网络热梗：我们继续好不好、爷我说拿,1
简单有型提升衣品？ins博主90s中性法式高级感穿搭！,1
今天跟我一起出门逛街吧,1
张继科教你如何发球,1
艾达菲姬？嗯？不兑？,0
华为——行舟已过万重山,0
多口之家厨房神器！美的微烤箱M3 Pro，一机两用省空间，烘焙烤制轻松搞定,0
【小阿尔玛想要成为家人】第6话,0
初夏（小雪）20251109直播录屏,0
APMOZART — Silence（静谧）Ft.amazi [Official Music Video],0
穿越到特种兵世界，开局就成了10岁的小学生，没想到系统却要求我成为少年兵王，我明明才10岁系统却让我去当特种兵,1
超长开箱！别让购物欲旺盛的人拍这些...,1
冰封末世降临，我觉醒无限贩卖机系统，每天可以用系统币购买末世前的所有物资,0
蕾拉的B站首投ij,0
【超燃励志】 《Wake》Hillsong Young&amp;Free 喂，醒醒，该出发了,1
【MMD搬运】原神 千织 神里绫华 芙宁娜,0
某音播放量破亿，不看后悔的一部神作，再不看就要开充电了！,1
【女性向 音声】“嘘…爸妈在隔壁”在男友老家偷摸...,1
（完）锻炼胆识,1
汉奸以为日军在找自己，没想到日军是八路军假扮的,0
【PR/AE画质修复】视频画质太糊了怎么办？快来试试高清画质修复插件，让你的视频画质从模糊变4K！！1秒即可让你的视频变清晰的黑科技插件！白嫖党福音~,0
【完整版公开课】2022第四届深圳声乐季·中国声乐人才培养计划大师公开课声乐教学,1
求求了一定要给仓鼠买这个吃！,0
中国电影乐团演奏《少林寺》插曲《牧羊曲》重忆美好时光时代经典,0
智能车图像处理-逆透视使用（代码开源，感谢小学弟帮忙录制视频）,0
25年入手一部iso17的iphone11后续,0
三十岁VLOG｜鸡飞狗跳的二胎生活里尽力游刃有余,0
在慵懒的午后，亲手做一杯甜香蕉奶茶吧！,0
猫咪手工天花板！气球车把妈妈甜哭🥰,1
骑士精神2日常#11,0
棉花鸣潮二创推广：【鸣潮】仇远原创角色曲《任孤舟》 up苍小轩,0
常州鱼头烧肥肠，红烧划水，淮扬菜看着就好吃#常州美食[话题]# #香香小厨房[话题]#,1
⚡撞  大  运  喽⚡,1
跑刀沪航认准FS飞鼠电竞,0
［3D/星际飞船］这是一座无人岛屿，而你与其他星球的生物一同乘坐的飞船坠毁于此，需要找到飞船丢失的零件重新启动飞船。,0
买房血亏后，我一怒之下怒了一下,1
蚁人 电影纯享 Ant-Man（2015）04：斯科特·朗偷到了一套疑似旧摩托车套装，他把服装带回家。在尝试套装时，朗恩无意中缩小自己至昆虫的大小。因为被此吓坏,0
美景,0
3/2.3/3英雄物单批发910万,0
【基础原理】涵盖小学、初中、高中、大学的数学通识50讲！附配套讲义！！,1
1647元！限时好价！大疆Action 5 Pro 运动相机 京东自营 全国补贴！ 户外摩托骑行潜水 Vlog相机 购买方法,0
杭州郊区买房后，跌到只剩100万❗,1
化学元素拟人-氩,0
周刊VOCALOID中文新曲榜♪692,0
【中配】如何在 Quest 3 上玩《我的世界》,0
欲买桂花同载酒，终不似 少年游,0
【音乐进化之路】邓紫棋终极混音串烧(2008-2022),1
我以前从未尝试过这样的西葫芦！,0
汕头龙眼路二刷！网红街里藏着的地道巴适味,0
雪娟执意出院咏春难劝阻，急寻父亲化解困局,0
完美欧包,0
简单弄个板栗芋头香肠焖饭吃吃吧,0
【BanG Dream！少女乐团派对×三丽鸥家族】じょいふる☆（联动特效全开.ver）,0
转眼夏天成了故事 秋天成了风景,0
柚子花 - ぽつり / Purukichi［Music Video］,0
阿狸变装～faker急需第七个冠军证明自己,0
（一更到底）上一世，嫂子怀孕，胃口刁钻。只爱吃我做的干烧冬笋。于是我每天忙完猫咖，不管多累都坚持回家给她开小灶。孕三月，嫂子查出感染了弓形虫。医生建议流产，,0
享受日式深入身体按摩,1
[中配]我放了个床 - Minecraft恶搞歌曲 (IKAG by Katy Perry) - indawgnito,1
【孤星】四先锋CW-S-2-A,0
俄军借浓雾掩护进入红军城酷似《疯狂的麦克斯》中场景,1
【丛林露营】超强暴雨来袭！躲在热帐篷里烹饪美食,1
微电子器件学习辅导BJT篇25,0
男娘,0
【全90集】Tornado_框架介绍教程从零基础到精通（全程干货）这绝对是B站最全面、详细的Tornado框架天花板教程！手把手教学，保姆级教程！让你不再走弯路,0
【建议收藏】我们买遍了300元以下的头戴降噪耳机，可能是实测最全的入门头戴耳机横评推荐,1
想要加耳鸣星微信的炫压抑瓦学弟男大,1
任何个人和机构都可以以欣赏为目的转发我的视频,0
写了个类似 PS 钢笔工具的东西,0
扣篮大赛满分集锦,1
没用直接喷！湖北steam无法下载更新/下载超时百分百解决方法来了！全程免费！,0
美心流心奶黄月饼，双倍美味超满足,0
睡不着就来看看兔子吃东西吧,1
【神仙打架】一人一首热歌113首MV合集/时长8小时/经典老歌/华语流行音乐/神仙打架的经典老歌合集,1
黄大仙向我讨封，问我像神还是像仙，我直接回他像个勾吧！,0
吃了螃蟹 烤肉 泡菜拉面年糕 大包子 坚果米布丁 韩料 这期没咋吃 生活占比比较大,1
文班亚马38+12+5+5帽！末节18分连飙关键三分！刷爆多项记录！,1
Rosalía新歌《Berghain》迎来加菲和杯糕混音‼️,1
高中优生眼中的物理题。,0
入坑《禁闭求生2》最好的时机就是现在！,0
辅酶Q10顶级好价！120 粒只要70，还是大剂量 300mg 的！感谢粉丝投稿,0
小时候看不懂，长大后秒懂的内涵名场面,1
在上海！吃到被爷叔阿婆包围的本帮江浙菜馆,1
和我一起做巧克力火锅吧,0
【CORTIS】这个 GO！味儿贼正｜985舞团气氛超棒翻跳新曲Go! 真得劲啊！,1
【2025最新版MySQL】零基础小白必看！MySQL数据库基础教程_SQL数据库快速入门！,0
星露谷物语v1.6.15【手机 PC】豪华整合中文版 最新版 整合前置,0
【python】程序员收徒啦！萌新小白也可以，来就教！主打一个真诚，答应我别进厂了，好吗,0
世界十大颜值手枪排名，看看哪款是你的最爱。,1
瓷砖种植箱比花盆整齐美观，还能多种很多菜，我要慢慢把花盆都淘汰了！,0
罗兰电钢琴儿童模式简化操作易用,0
日入600万的虎门大桥，被免费捐给国家？#虎门大桥 #历史,0
扮猪吃老虎！C皇竟在错进错出的情况下成为驴酱杯选人的最大赢家，一举成为本届比赛的黑马夺冠大热门队伍！,0
海信新风空调Pro省电安静，家里空气清新不闷热，开一整天电费也不心疼，睡眠更安稳。,0
ARZOPA阿卓帕 3英寸 OLED便携式显示器 笔记本电脑手机移动拓展屏Switch Ps4 5显示屏副屏A5S,0
《开摇！近期全网爆火的DJ歌曲合集！》,1
11月10规律走势分析讲解，彩票我负责规律，你负责中奖。,0
【万字分析】日本经济失去三十年的底层逻辑，中国未来10年的楼市、股市以及就业机会有哪些？,1
限时赠送： 布抽屉  耳机挂钩 杯托 挂线篮 4件套  送完即止 先到先得160*76尺寸的  379元140*76尺寸的359元包邮入户,0
【绝区零】官方爆料！2.5和2.6新角色！2.4~2.6卡池公布！叶瞬光技能实际演示！照/妄想天使/琉音/般岳！2.4~2.5重要优化改动！后续新版本内容首曝！,1
男人误把哪吒当成三头天使，结果被当场抹杀.....,0
两大网红探店 百年鲁菜老字号 燕喜堂,1
飙酷车神:轰鸣盛典 沉浸式开车34,0
女人惊恐的发现，自己在慢慢的变成一条狗.,0
‖唯美古风背景视频音乐‖古诗词朗读背景素材‖国学背景‖万能古风背景素材,1
它又来啃格早了,1
小天鹅TD100MATE28洗烘套装，除菌率99.9%，适合南方潮湿天气，一次洗烘搞定，告别异味潮味，真实生活体验超安心。,0
无形之力：解密电磁波,0
5060ti 16g 2749，史低复活！,0
看动画学英语，《闹鬼酒店》第一季，纯英字幕+无字幕+双语字幕+剧本音频S101,0
双十一团购开启！第一天山竹机枪猕猴桃杜英，你会选择哪些？,1
【实测！无广！】2025 上半年 | 蓝牙耳机全品类 | 从入门到天花板一站式攻略,1
超慢跑｜40min·180BPM超慢跑·华语歌单·消耗500Kcal,1
外网热议🔥张艺兴吴世勋金俊勉企鹅舞“难以置信EXO能聚一起做搞笑挑战，世勋被LAY贿赂了什么愿意做这件事的🤣”,1
美国职业扇耳光大赛，一场没有退路的比赛，第九季（完整）,1
【板绘入门-精通】B站最全！零基础插画网课，用Photoshop创作（2025新手入门实用版）零基础自学绘画入门教程！从0基础小白到大神只要这套就够了！,0
那一刻 她长大了【碧蓝航线】【约战】,1
国产旅行车到底还差什么？,1
大妈们超市里生啃花菜，网友：没见过这种“试吃”,0
重生魔兽世界热血爽文《魔兽世界之大盗贼》已完结,0
陈印泉北京白话秀之留子的快乐生活,0
失明后第一次来CP漫展，我办了个特殊的展台,1
⚡️You&#x27;re mine 但是我是神经病⚡️,0
【专题片】雪豹突击队的CQB室内近战训练,1
一口气看完国产军旅剧《垂直打击》，特种兵奔袭上百公里送机密情报！,1
昔涟唱给你的最后一首歌🎶,1
双动力烤盘（266）上烤下蒸，一键解锁双效烹饪：上层煎烤食物香气扑鼻，下层蒸煮锁住营养，适合忙碌家庭快速备餐，省时又健康。,0
发现了漏洞,0
【安澜】《昔莲》翻唱  【崩坏：星穹铁道】,0
八宝合笼计划进行中,0
【重庆梦十七】重生之我在唱见比赛唱alittlepain得了季军,0
我们从网上买来了一些解压玩具…,1
小女孩火上新华社了！,0
“你们真是可爱到让人想吃掉呢”,0
终于完成了！能拥有这个太开心了。 (749),0
董思成｜VLOG｜250330｜工作闲暇打打拳,0
【老戴】2025了，鸿蒙，能成吗？,1
高崎问屋町新发车音乐  JRE-IKST-025-01（首都圈26-1番）,0
《天国：拯救2》骨干加入CDPR！确认负责设计《巫师4》任务,0
《自动王国》官方预告片,0
想让洛天依说话？Xstudio语调2分钟快速上手,0
特选素材使用的本格的广东料理 - 銀座楼兰 -【東京】,0
CCTV3综艺频道早间电视剧场电视剧喜耕田的故事片头片尾(20080927),0
伪互动,0
莱梅德多功能燃气灶，火力稳定，适配中式西式料理,0
20251015乒乓球亚锦赛男团女团决赛,1
畅享不止，荣耀70 Plus，性能新高度！,0
00后不听话反骨装修 入住后发现真的香😍#装修避坑 #装修日记 #装修案例 #装修设计 #装修灵感库 #说说我爱的装修风格 #装修干货 #装修风格 #装修,0
这TM也能吃?(神秘の转职代码),0
[Special Clip] MONSTA X - 2026 高考应援影像,0
饭点到了！请看优质烤肉视频，很下饭,1
RAZ-I23 The Everglades,0
【赵美延】MIYEON的坦率直言“平语”脱口秀👸🏻,0
【全10集】料理仙姬  (2008),1
以太网主要应用,0
那些宿命感拉满的顶级纯音乐,1
米家606L冰箱,0
炉心融解 群语音ver.,0
英雄联盟老鼠核心玩法，进攻就是最好的防御,0
合成消消乐合成大雷分数滑稽,0
十倍海鲜小料做的超豪华烤冷面！,1
于成龙自己都被康亲王绑柱子上了，还不忘为百姓申冤,0
胖虎回湖南后狗证要重新办啦,1
Tsuyu_2025-11-03_20-07-09,0
麦富迪高端霸弗猫粮竟然出了一斤装的试吃，真的不多见啊，快薅啊#萌宠好物#养猫人#麦富迪霸弗猫粮#猫粮-7535806454172355900,0
【中央财经大学】《投资学》【全200课】国家级精品课,1
马格南研究公司 沙漠之鹰,1
丹香海盐不甜曲奇试吃推荐,0
我是个老六，我觉醒的技能更老六，SSS级风筝流 全服我最66666666,0
【翻唱】没事唱两句有何不可~,0
注：这段是老特自己配的音՞˶･֊･˶՞,1
坚持不住了吧~,1
机械原理 楔块机构总反力 驱动力大小求解 力矢量多边形画法 力矢量夹角大小确定方法 力矢量封闭图 受力分析 正弦定理在力分析的应用 考研 期末,0
炒股最赚钱的一种方法：长期持有一只股票，反复做T，一年获利上千万！只讲一次,1
【北京大学】《博弈论》（49课全）国家级精品课！,1
这个卧底因为卧太多个底，吃饭都要五大碗！,0
bro觉得他吃得下203mm💀,0
羽西鎏金精华面霜评测：干皮救星！保湿力持久，上脸细腻不黏腻，早晚护肤必备，真实使用感受分享,0
⚡️这正是我最向往的自由⚡️,1
【充电加急reaction】狐妖小红娘安利；这里的爱情感觉好悲啊,0
利用地形轻松灭掉满编队？网友：这地方这么6吗？,0
7.39E最强轮椅 颠覆你认知的一号位拍拍第一视角教学【欧服均分1w2天梯】,0
游戏饭 - 费伦大陆的美式BBQ,0
女友是个双胞胎，可打死我都想不到她妹会装成女友和我玩游戏！事后还问我：姐夫，刺激吗？,1
哪怕亲姐妹,0
[Special Clip] MONSTA X - 2026 高考 应援视频,0
乒乓球入门保姆级教程,1
鸿蒙6.0暗更|小米首款NAS来了|科技之火—科技信息差,1
昨夜心头牵挂，今朝原地繁华,0
【入站必看】混B站还能不知道他们？！宝藏up主大盘点！,1
【绝区零16+动画】朱鸢的早晨,1
来看看我这个不足20平的小院,0
“做菜烧菜，任总请吃虾🦐！”,0
【新V首投】古风翻唱《断钗》他曾藏入怀，诀别那只断钗,0
工作十余载，我发现十几位小镇做题家的发迹路径，出奇的一致！,1
俄兵把RBU6000焊卡车上搓成“攻城炮”，此炮已在康斯坦丁诺夫卡攻城一线出场（比要你命3000的威力还要大一倍咩？）,1
【蘇永康】【彭家麗】【自製字幕】歌唱小教學之《從不喜歡孤單一個》,0
狡兔三窟,1
新号屯屯鼠第三十六天,0
五等分的曼巴❤️,1
华为快充线数字显示功率 71型号实测体验 真实功率一目了然 高效充电不焦虑,0
古巨基 - 殉情记,0
解码职场姐弟恋的危险博弈！ #创作者扶持计划 #美剧,0
【4K】放松解压☔在大雨中使用新帐篷拖车舒适露营 | 作者：Kirin Camp | 机翻中文,1
《修仙：重生异界打造最强宗门》1-300 青年科学家孙毅魂穿修仙界，成为一个没有天赋，没有背景的杂役弟子。,0
小敌你真会啊！,0
[剑斗团建之回归基本功] 火神60z（12z×5）,0
【live2d碎片】被仇远帅到垂直入坑,0
ARZOPA阿卓帕 3英寸 OLED便携式显示器 笔记本电脑手机移动拓展屏Switch Ps4 5显示屏副屏A5S,0
现场回顾｜日本自民党总裁选举登场 首投结果出炉_凤凰网视频_凤凰网,0
日本大萧条最惨美食有多好吃？1块钱吃三天，真的太极限了！,1
11.9沈逸老师：一天入列航母六军舰！震撼全球的绝对实力,1
蚁人 电影纯享 Ant-Man（2015）10：朗成功入侵PYM公司，破坏了服务器，植入了炸药,0
八极拳吴连枝大师讲解短棍，袖棍,0
【访谈】徐皓峰 2025 @ 李诞,0
越南美食：一大碗鸭肉面条汤,0
40分钟 超慢跑｜200BPM节拍超慢跑｜轻松音乐｜暖身+伸展｜日本四国桂滨花街道 | 一米六健身服利社,1
【UE5教程】风格化街道风格化描边材质,0
这么可爱的甘雨有没有见过,0
（全）穷得叮当响,0
梁景仁死因调查开庭古肇华拒不承认所有指控 .Man姐缺失的记忆在催眠中找到…&quot;新闻女王2,0
《你旁观的罪》01集，女人天天被家暴，姐妹俩商量手撕渣男 #你旁观的罪  #韩剧推荐,0
物理引擎这一块~,0
（全）漫不经心,0
金姐对谈Niecy讲述最好最坏经历｜GOAT Talk｜卡戴珊,0
2025GAI重庆演唱会——仁义茶楼+愚人码头+talk,0
动漫推荐,1
IG转会期补强问题迎来坏消息！阿水回归IG会让IG面临风险，IG无法组成仁川3c全冠班阵容,1
周杰伦《等你下课》高级弹唱,0
AI-小说搭子-心似还旧影-全员-1106-7,0
Minecraft：简单酷炫的模组,0
【60分钟深度】反思世界的谎言， 一个长脑子的视频,1
【巨人reaction｜S4-84】今天吃韩吉的炖菜吧…,1
在顶级时尚杂志VOGUE工作，买不起奢侈品会被歧视吗？我是如何跨专业入行的｜时尚圈收入、优劣势㊙️｜雀斑妆GRWM｜Gemma,1
顺风车DJ｜谁有多余高速费？｜碎拍&amp;JAZZ｜车里放set催眠吵闹乘客,0
天幕外下着大雨，我靠在吉姆尼旁，吃着火锅露营｜Links 4K,1
【素材】中国气象频道新址现版测试卡素材(高清旧系统版),0
请回答1988：为什么德善总是被遗忘？,0
练习合集 9,0
【bili猫夏】视频已打包，欢迎围观！,0
2025最新最全！PTE考试网课精讲，含备考规划、题型讲解、学习资料，存下吧，很难找全的！,0
“鬼吹灯里的52种怪物，哪种最厉害？”,0
华为Mate70Pro，心动瞬间，终成囊中之物！,0
搞笑男搞笑女谈恋爱时的rap日常#四喜#抽象#情侣#恋爱#搞笑,0
拳头给所有战队做了表情包，网友吐槽拳头也太懂梗了！,1
第1095期你的异地恋女友日常报备：美美周末姐妹局+吃四面泰+逛街+椰子水+茶室排队+健身房+苦学到晚上+回家美美吃泡面烤地瓜睡觉#vlog日常,1
【2025】迈阿密游泳周海选现场【一小时纯享版】,1
枪头塞进小男孩嘴里，然后就是一枪，到底是谁才能干出这种事？---------------------1941年夏天,1
泰坦军团5英寸 2K 240Hz QD量子点-MiniLED DC调光 HDR1000 升降旋转 FastIPS 1ms专业电竞显示器P245MS,0
[樱桃小丸子 · 第二季台版] 110 治好藤木卑鄙个性的大会,0
【美食日综】料理东西军合集！,1
国博：拿来吧你,1
2025最新阿里云架构从零基础入门到进阶必学教程(阿里云ACP云计算/大模型/大数据/云安全/人工智能/阿里云ACP认证考试课程)大佬手把手教，通俗易懂,0
什么逆天运气！鼠鼠又得吃金龙,0
渐进镜片如何检测？,0
段永平的投资智慧（全10集）投资必看！,1
【降噪系列】2025年谁才是新一轮降噪蓝牙耳机的神？,1
ITX主机分享  乔思伯T9 耕升RTX 5070TI 追风  Intel 230F 装机分享,0
GALI发布《BLACKBIRRRD》MV！,1
超慢跑，180节拍器，30分钟,1
这才是真资格土豪公子哥，这一套装备就得几十万，躲在里面雨中露营,1
三千年了为什么我还活着！,1
（钢琴伴奏编配）粉雪-藤巻亮太-レミオロメン,0
告五人-黑夜狂奔,0
小米足浴盆气囊按摩，暖到膝盖，爸妈长辈的贴心礼物,0
逐光：星火（启元）：混乱之地的英雄,0
爷青回！这才叫英雄联盟！,0
广东工业大学2026年808电路理论冲刺预测八套（1）,0
大炮打蚊子？周杰伦许嵩双方最佳专《叶惠美》VS《寻宝游戏》，网络歌手到底能不能碰瓷流行天王,1
女大学生尝试吃播，今天吃圣女果拼青提拼葡萄🍇,0
【Hearts2Hearts】-FOCUS杭州路演翻跳｜心妹你的五子棋来了！潮集制燥｜再战哈图哈,1
爷爷的二胡独奏《兰亭序》cover周杰伦,1
⚡️赚赚赚赚赚赚赚赚赚赚赚赚赚赚钱了⚡️,1
MI/小米 MAX 100英寸 电视 L100RA-MAXE,0
【超蝙】点击即看主包一晚上两张摸鱼,0
从市场小巷开始的炖鲭鱼？拥有50年传统的真正米饭杀手！,0
[中配]空中基地 - Minecraft 恶搞歌曲 (Keane的《Somewhere Only We Know》) - indawgnito,1
关于新迈特凯的一些奇怪的问题。,0
摩飞料理锅，智能烹饪让美味更简单,0
2025-11-07/接原神鸣潮崩坏星穹铁道绝区零明日方舟战双代肝纯手工,0
【壮汉】2025.11.10,0
博士对我的脚感兴趣吗？嗯？要摸摸？,0
王子这家伙还是打少了，太不听话了！,1
LiberLiveC1无弦吉357他融合伴奏智能电吉他自动挡弹唱一人乐队双11大促,0
系统逼我演白莲？反手钓哭真皇子-长篇--常规书-疏宇菲-1106-1-Sai-滚屏-疏宇菲-1106-76198-6,0
【小流浪旺财】更新了一条视频，快来围观！,0
给我家猫咪看的动画,1
女人我最大：气温一直新高，妆发服如何不进山?part5,0
DOTA2 · 怪猎联动——在线时间和钱我全都要,1
【亚洲特快】美国恢复核试验的真正危险在哪？,1
想要拍照美音质好这款手机你值得拥有166,0
2026初中英语必刷真题：短文填空1-2,0
《一路生花》“愿未来的我们，一路生花，不负年少”,1
【全600集】强推！逼自己一周狂练这些，唱歌水平猛涨！！别再走弯路了，零基础自学唱歌只要这套就够了！| 涵盖所有唱歌技巧和发声方法,1
【中配】我的世界硬核视频是如何变得虚假的 - SkyBoi,0
【PR插件库】一款插件，让你的PR和剪映一样！30000+一键安装！预设，效果，转场，卡点，字幕有了这个插件剪辑工作即将变得前所未有的简单！,0
一伞 片场花絮 原相机,0
10小时完结版一代特种兵王成长记,1
下班约云南粉丝吃老奶洋芋，香辣滑糯，盖饭真香～,1
【L06】 图形摘要绘制+Igor Pro 编程入门【科研数据处理与可视化】【2025版】,0
优斐斯精华用后皮肤细腻透亮，熬夜党救星，早晚护肤一步改善暗沉，温和配方适合多种肤质，坚持用真的不一样。,0
【星穹铁道】01瑕蝶14金记忆战舰4000分0行动值末日幻影量子王虫,0
立冬后-养肾正当时-食谱第二期/黑芝麻盐朱雀汤/黑色入肾，猛猛攻肾食谱,0
美的MG2601微蒸烤炸一体机，一机多用，轻松搞定午餐晚餐。解冻、蒸菜、烤鸡、空气炸薯条全搞定，厨房小白也能秒变大厨，节省空间又省时，生活更高效！,0
AI-小说搭子-梦远忆旧年-全员-1106-59,0
樊振东全运会首秀，跑动飞快，周雨暂停时坦言“赢一局都难”【全运会1】,1
【PR教程】73集（全）从零开始学剪辑，保姆级手把手带从小白变影视后期大神（2025新手入门实用版）,0
[Bass House Music] BCMP &amp; GHOST CLAW &amp; Rich1e - Delusion,0
不放肉也能吃出肉香味的素烧萝卜 这个季节特别合适你们也要试试,0
徐静雨被儿子sc吹捧绷不住狂笑1小时纯享版,0
【搬运/ch/中/俄】METROMANNN SONG // 原作无标题,0
小作坊下猛料78,1
【虎扑】轻小说评分，你最喜欢哪一部？,1
全剧最帅的一枪，狡哥太帅了！,0
"""东北卤煮50一碗,爱吃不吃,老板太有个性了!""",0
古巨基 - 一刻永恒,0
关于我老公想改行开个日料店被我拒绝后,1
全球50大电影神级配乐，各种神仙打架，真正的大师之作（一）,1
38号尝试以最通俗易懂的方式讲解功率分流混动系统,1
一加 Ace 5 竞速版享国补优惠，省钱轻松搞定，一个月奶茶钱到账，日常使用超给力！,0
谁老要看吃播真是辣死我了这个没吃多少喝了两瓶奶 主播太垃圾了,0
帅小伙花光压岁钱，买来康师傅所有口味饮料测评，喝完味道太上头,1
01,0
直播间惊现海王，有人竟然有七个女朋友~,0
《史记》原文全解读！二十四史之首，竟然如此好看？【你的第一本史记视频书 | HISTORY】,1
【初中化学180集】大佬终于把初中化学做成了动漫片，最适合新初三的化学课程，简单有趣，通俗易懂，从基础到精通，详细讲解,0
【2025最新】超详细Python安装教程+PyCharm安装激活教程，Python下载安装教程,0
（完）处处攀比,0
酥掉渣的开心果核桃曲奇！浓郁坚果味~免打发超简单！,0
鸣潮 奥古斯塔,0
穿越全法，你叫黎星本是地球的武术天才形意太极等拳法皆已大成，却因穿越来到全职法师的博城世界，六年过去你凭借前世积累，在更适合修炼的新环境中突破瓶颈,0
偷师《只狼》却玩出MMO味！《燕云十六声》的硬核战斗，藏着多少网游套路？,0
【战地6】首发版本全枪械一览（不包含S1武器）,0
谢拉格的雪竟然可以吹到公招,0
静音版本【全文无拼接！不是引流，纯纯为爱发电！要是有币就更好了！老公出差第二天，我打扫卫生，随口对家里智能音箱说：小智放点音乐。音箱却传来一道陌生的娇媚女声。】,0
体感！福建舰的电磁弹射为什么是世界第一？,1
谁过生日过这么爽….,1
《听无声处听惊雷》——中传电视学院2025《视听创意写作》结课作品20,0
科比时装秀(2) 热梗主题,0
西藏十五日丨不要温和地走进那个良夜,0
一个视频让你搞懂所有混动架构原理，从燃油车到增程、从单挡混动到多挡混动,1
【绝区零】伊德海莉0~6命保姆级攻略：反击流主C，输出能达到虚狩级。实战操作手法细节/音擎/驱动盘/配队 详解。,1
【官方新歌】Millennial Trash &amp; Chime - Formaliteez | Ophelia厂牌,0
史上最爽龙傲天，买姐妹花奴隶开出了隐藏款的精灵！人妻兽娘当女仆！一口气看完《终将成为最强炼金术师》,1
清明上河园大宋皇家乐园所有游乐设施全部免费玩？日夜狂欢快乐不打烊，玩不尽兴不回家！,0
RTX2070S开机主机没反应，拔掉显卡正常开机，成功修复#RTX2070S #电脑显卡 #专业显卡维修,0
为什么要给牛皮刮毛？ #科普 #解压 #皮革 #涨知识,1
翻唱 | 温柔治愈系女声翻唱「美丽的神话」等待花开春去春又来～,0
男娘凉鞋试穿,0
【白胖】可惜了！,0
八重神子,0
［战地2042］日舞最逆天的一次C5击杀,1
苏丹大图莎“万人坑”航拍被西媒打假，称实际是22年的牲畜饮水坑，但医院旁的屍坑图是真的（这个是假的啦，真的那个还要更惨点）,1
【渚线】4.26 和春原芽衣的相遇,0
OPPO两款热门平板选购速递，看哪台更适合你,0
格力凉之沁空调，低噪运行静享睡眠，适合卧室使用。夜间舒适不扰人，降温快且均匀，家人入睡更安心。,0
小天鹅滚筒洗衣机好用吗？实测真香,0
2025.10.02 第十九届肖邦国际钢琴大赛开幕式｜刘晓禹｜阿芙蒂耶娃｜邓泰山｜奥克森,0
【绘画过程】吃蛋糕～,0
【排行榜】2025年10月全月轻小说排行榜TOP20,1
SKP-厂商-爸爸醒来，我登临至高-1110-WYQ-FGR-1-6,0
当职业误入大师局会发生什么？JKL盲僧打野“扮猪吃老虎”！闲庭信步解说杀人两不误！“打这一百多点的不是和打弹幕一样！”,1
"""I made this for you, banana_57877""",0
惠普 暗影精灵11台式电脑 游戏台式机主机（14代i5-14400F RTX5060ti 8G独显 16G DDR5 1TB 500W）,0
细糠来了！一口气看完《逃出海洋公园》怪谈，带解析！,0
鼠子觅食记（9）：日本乡下西餐厅牛排测评,0
??尼康（Nikon)Z5 Z6二代Z7 Z50 Z30全画幅旅游摄影拍照二手微单相机 尼康Z30+16-50套机 99成新??,0
吉隆坡的天气它是翻云又覆雨,0
新版猫和老鼠第五季 Pranks For Nothing 愚人的愚人节,1
“那些著名的三人组”,1
卷发成熟点,0
依班娜AZES40电吉他 新手入门优选 经典音色高颜值,0
【敲钟人】S1赛季T0的一把轻机枪如今还是T0，第60集：孤独的领头羊,1
“蘑菇丧尸”盘点【最后的生还者】出现的6种真菌感染者和5大阵营 末日到来时加入谁能活的更久？,1
【花沢はなざわ】淋雨一直走 | 我决定我想去哪里 往天堂要跳过地狱 也不恐惧 不逃避,0
有声轻小说《把班上的孤单辣妹带回家改造成清纯美女的故事》,1
桃李春风一杯酒，江湖夜雨十年灯,0
go学长ak,0
查理・芒格：如果我今天开始投资，我会这么做！,1
最新aqk1911玩具介绍和操作,1
《哪吒之魔童闹海》配乐拆解！这下听懂了！10个令人印象深刻的配乐,1
【4补】穿胖次还是太容易走光了，不如...❤,0
我是最强SSS级无敌序列狼牙特种兵王团龙王，一身无敌通天实力掌控黑白两道称霸人类世界,1
2-12-34-480P 标清-AVC,0
踩到甲沟炎了,0
今日打卡昆明室内商场网球馆,0
能忍住不冲的是这个👍🏻😋,0
（全）我拒绝了,0
【密集五组咬字】UP经过长时间杀鸡 完美拿下林子祥海市蜃楼副歌,0
酷开创维55K3 2025款【送装一体】一级能效 2+32GB  144Hz AI远场语音 国家补贴 液晶平板电视55P3F-J,0
美国键政顶流博主Hasan：前往相亲角，难绷好兄弟即兴开唱，尴尬到原地爆炸😂快别唱了要被封杀了🤣太会整活了,1
“狗子总能精准找到最害怕它的人”,1
人像摄影构图禁忌，你中了哪一条！,0
小鸟,0
聚气回顾视频｜音乐剧春宵苦短少女前进吧,0
米津玄师 180步频跑步歌单 | 以八爷旋律，冲破全世界的疲惫！,1
曾经350万平方公里的埃及，现在为什么只剩100来万#地理知识,0
大湾鸡那时还是只海豚，【魅力大湾鸡】,0
追星必备！华硕天选4锐龙版性能释放出色，轻薄便携适合日常通勤与追星需求,0
预制食品测评第359天：咖喱鸡肉、风味土豆牛肉和原切手撕鸡肉,1
平民福音-千平体系高胜率大名士,0
好吃,0
11.10荣哥五年级课程,0
“还 真 T M 全 是 名 场 面…”,1
网络上那些爆笑的沙雕图(｀・ω・´)|第1339期,1
别不信！靠这些东西还能在互联网混第十年？包里攒下的都是硬货！没一件废物！翻包视频来啦！,1
荣耀X70 5G：耐摔防水，续航无忧新体验,0
【数码好物推荐】数码博主自用好物大盘点，手机/桌面/电脑最佳搭子来啦！含拓展坞/电脑散热器/数据线/手机壳/显示器支架/电脑壳/键盘膜/硬盘盒等,0
《网游之天下无双》动态漫画，一口气看完！4K高清无拼接，放心看,0
超燃金融纪录片！《华尔街》你可以永远相信CCTV！（高清完整全10集）,1
小时候看不懂，现在秒懂的影视片段,1
Mining Foodery,0
KEYENCE工业CCD相机视觉检测基恩士视觉控制器维修XG-7000A,0
60种家猫的原产地,1
《我的世界没有空闲》间奏,0
厨房三点克星之一广式炒牛河 这餐厅老板把牛河的锅气具像化,1
健身增肌吃啥好？异形浑身都是宝,1
王楚淇聊阿隆索四大皆空也不会下课，他现在对皇马的问题没有任何改变,1
催眠猫,0
【2025最新版】目前B站最全最细的 CurSor AI编程零基础全套教程，手把手教你搭建高效Cursor工作流，全程干货无废话！cursor教程｜AI 编程,0
每个拿国奖的团队，都需要一个“沙僧”！,0
没有比这个更离谱的视频了,1
【2025最新】超详细Python安装教程+PyCharm安装激活教程，Python下载安装教程，一键激活，永久使用，附激活码+安装包，Python如何安装？,0
【逆水寒手游】关山藏锋副本boss出示道具,0
加拿大vlog🇨🇦 | 在春与秋色齐分温哥华🍂斯坦利公园骑行🚴English bay落日🌄鹅肝松饼🥞创意日料韩料🍜,1
尼罗河之女 _ 节奏感古埃及环境音乐,0
加入好评行列共同见证,0
大胃王MAX挑战超级巨无霸美食，5.2kg漫画烧肉肉丼！,1
你只是花了三块买了瓶可乐，就开上了兰博基尼毒药，第一季完结！,1
全是干货 | 手把手教你深入学习独立看门狗&amp;窗口看门狗,1
巅峰哈登集锦！,1
从夯到拉锐评蓝牙耳机  2025年最新蓝牙耳机排行,1
【缪缪的知识课堂07】,0
一口气看完超火最新最【已完结】动态漫！999+小时【高清修复版】,0
各位烧冬瓜都会玩一辈子燕云吗,0
【佑Talk】过去几个月，JetBrains IDE 又实现了哪些进化？,1
我男朋友好像又又又又又失恋了,1
一口气看不完系列,1
会议神器_x9_cn,0
超解压之小兔子吃东西合集第二弹,1
[EVA] One Last Kiss | 再见了，所有的EVANGELION,0
当混沌涌入漫威宇宙，被邪神腐化的神奇先生，竟喜爱把自己从里到外翻出晾晒,1
【国语精翻】Blender 默认力场制作写实花朵绽放效果,0
天花板级别芝士皮无事牌,0
推荐擎天柱 玩具 儿童 男孩 模型，好物新上线,0
T1夺冠后，Zeus早上9点就爬起来打排位，Zeus：今日我定将痛杀韩服,1
中国房价2024-2029，完整版。。房价。楼市。,1
Finalcut11.1更新了什么？一个视频讲清所有细节！调节图层、优化磁性蒙版、QRS混响、工作流改进⋯⋯Final Cut Pro 11.1 New Fea,1
【碧蓝档案】睡觉的时候...,1
认知对齐香疯了！从RAG到机器人，一套方法论通杀四大顶会方向！,0
TCL Q10K Pro控光分区更多画质更细腻？客厅观影体验升级实测分享,0
法硕冲刺期保底规划,0
科比看自己的AI整活视频牢大秀唱跳！Reaction第四期-运动专场！继续有彩蛋！,1
戴了反而难受？原来降噪耳机还分这么多种【科普】【键盘侠说】,1
英雄无敌3 死亡阴影 盗贼VS精神元素 (同金币购买力对战 ),0
kk 2025-11-10 14-45-30,0
深度解析《误杀》，导演将所有答案，全都藏进了海报！,0
小学看里番，初中做UP主，高中为暴走大事件做视频，大学月入十万，谈恋爱惨遭被绿，结婚差点被化债,1
小作坊下猛料⚡⚡⚡⚡⚡,1
女生冬天的抗冻能力：取决于要不要出片,0
Atmospheric Groove p1 jam ……,0
大胃女王不限时间挑战狂吃日本连锁餐厅，两人要吃到多少公斤才会饱？,1
可爱到窒息！橘猫骑车撞见梦中情船,1
一集差点封神比肩巨人！2016年被全网吹爆的动漫！《甲铁城的卡巴内瑞》1-12全集解说。,1
51岁网红厨师“五哥”离世 妻子：半年前查出双癌症 生活刚有起色，没享福就走了 临终前还惦记着要教粉丝做菜,1
（13节完整版）【尹航】中国国家乒乓球队国手教学_乒乓球初级基础入门,1
使命召唤手游非常11好玩不错的游戏玖精彩日常集锦实况10,0
别再说古人迷信了，他们可是地理学的天才！,0
给你们找到了!一款真的不吵的豆浆机#九阳豆浆#豆浆机#好用小家电种草#厨房好物#测评好物-7498641272710647067,0
婚姻最怕的不是没钱。,0
【2025双十一】28款旗舰降噪真无线耳机大横评，无恰饭广告纯干货排雷硬核评测，无损云试听,1
【心灵终结】吸取了辐射武器的清道夫有多强大？,1
学舞蹈的女生飘逸灵动，唯美浪漫！古典舞《扇舞莺啼》,0
【经典放映室】2020年东京奥运会女子乒乓球半决赛 孙颖莎 VS 伊藤美诚,1
网红Gasket-Mount机械键盘深度测评：手感提升+噪音降低，办公久坐不再累,0
重磅首见！攻击11玄龙、歼20主弹仓发射空空导弹、歼16挂载激光制导炸弹、忠诚僚机编队、红旗20防空导弹发射打靶、直20K空突画面官宣！,1
王者充值是可以申请退款的,0
物理老师爱上跑步，并梦想达标健将的故事，关注我，见证我吧。,0
《大国利刃：全军齐建百支特种部队》1982年，华夏还没有特种部队！ 于是，上头命令，全军36个集团军，齐建百支海、陆、空三军特种部队！ 从无到有，打造100把,1
芜湖，提督已就位！,0
东北疯讽刺配音757：老美已退缩，欧洲还在整活儿？老特神吐槽，爆笑,1
王者荣耀 火焰解说 马可波罗5-2胜利 对面伽罗很嚣张,0
CCTV3综艺频道早间电视剧场电视剧喜耕田的故事片头片尾(20080827),0
Obsidian markmind 思维导图插件 v3.3.6 版本 md 转导图支持了折叠状态以及优化了代码块,0
秋冬低成本食养，4样食材炖出自然好气色 #秋冬养生 #药食同源 #懒人食谱 #日常食养#食疗小妙招#喝出好气色,0
【罗太】联动战地6吃鸡！qiqi、红叔、米洛:惊天四条区！最会吃鸡的一集！,1
黑寡妇 电影纯享 黑寡妇 Black Widow,0
复刻最近超火的土豆邪修吃法，用土豆做成的披萨，味道到底怎么样,1
平时买和面机嫌贵？现在双十一小熊和面机领国补,0
【地理信息系统 GIS 2.5小时突击速成】C9学姐零基础速成！核心考点！重难习题！上课听不懂都来！,0
粉丝定金就位预定痞子搞笑说唱之神Eminem Rap祥龙新说唱专辑预热定制中！,0
【光遇复刻】11.13魔法帽四次复刻！吓人动作整活必备哦丨复刻全攻略/价格/染色/位置,1
【凯尔特音乐】给人的感觉是古老神秘、悠扬深邃，常伴随中世纪史诗感与自然幻想色彩，既有竖琴的轻盈优雅，也有风笛的激昂奔放。直击人心，引发共鸣。‌,0
割以永治后医生让我少走动，但偶遇美女让我痛上加痛😣,1
"""为何没人讨厌成都-夜市和烟火气的背后,是餐馆老板和送货员的真实生活 - 成都美食""",0
康佳壁纸电视85G9W 85英寸电视机 MiniLED超薄智能平板 648分区 288Hz高刷DeepSeek 家电国家补贴,0
哇噢！超长暖冬之旅vlog来喽～,0
全网最强职场嘴替！大鹏白客这段年会Rap，堪称打工人《义勇军进行曲》！,0
那年那兔那些事，一口气看完系列,1
依兰爱情故事（情境翻唱版）,0
【Playlist】 那些触及灵魂的配乐｜电影美学｜原声带｜纯音乐,1
Kimoo Pranks Shorts 最佳反应合集,1
泳装收藏集原画真好看~【碧蓝航线】,1
【中英+文稿】你的声音如何塑造现实 | 唯一靠谱的能量指南 | 被禁的秘密,0
当温婉妻子变成撒谎高手，模范丈夫的复仇计划才刚刚开始！ #创作者扶持计划 #法国电影,0
暹罗猫，如此优秀，奈何始终不温不火,1
（完）得意洋洋,0
菲伦 我最近学了一招新魔法,1
"""【GAI举办庆功宴,众多好友到场】八贼点赞偷米、谢老板新歌；Sakee终于不再发文言文""",0
RAZ-I21 Dolphins,0
做春梦更真实？,0
亚星出口约旦大巴展示,0
一口气看完末世爽文之【末日大回炉】全球灾变来临，在丧尸末日前你会做什么？？全程热血高能，看爽剧拒绝带脑子！热门点播，广播剧|有声书|有声小说,1
全民穿越航海求生世界，别人疯狂囤物资，我有系统在手成为航海界的资本家！沙雕动画,1
草莓杯子蛋糕,0
事实证明！头发太长不太好!,1
松下PE502一锅顶3锅，蒸煮炖一键搞定。厨房空间小也能轻松料理，家人早餐、周末聚餐都省时省力，实用又高效。,0
赛博朋克2077 v2.31： 重  燃  夜 之 城 V3 ！100GB超大型整合包,1
30张拿下的苹果14promax，是捡漏还是翻车！,0
警告！此物极易上瘾！巧克力牛奶吐司,0
【铁腕总理】朱总理在讲“科教兴国”的时候口误了两次，为现场增添了一片愉悦的气氛,1
【犯罪心理】S10P13  one  救命Gideon怎么就去世了啊 还期待他能够回来呢   Reid真的会难过死,0
美国重启核试验背后，中美谁将赢得下一代核武器革命？,1
神人！Psy.P发布新歌《烧北》“眼里只有豪车名表漂亮衣裳”,1
以身试险，护国人安康。他是汤非凡，一位不该被遗忘的国之脊梁,0
弟弟谋鲨亲生父母，竟将罪责推给哥哥！一口气看完《神圣之门》！,0
Bro做了一首说唱,0
【生肉】海底光缆支撑了整个互联网和AI | CNBC | 看新闻学英语 | 中英外挂字幕,0
〖ych拍卖/未截〗Goodbye My Baby,0
男人参加葬礼时发现了一件可怕的事，送人的照片上却出现奇怪数字，一口气看完国产科幻佳片《三体》！！！,0
【全场高能】中国史上第一个男子MMA世界冠军！唐凯是冠军！,1
来看看Bin的手，只能说是输在性格上了,0
绝区零痛苦号拯救之最最最痛苦的痛苦号,1
巧记英语里的2个&quot;有&quot;,0
稳稳的幸福,0
【大食い】全部菜单称霸奖金7万日元‼️厨师vs大吃大喝的武士决一胜负🔥🔥【ラーメンショップ 石川店】【武士飯】,0
拿到pr后，没住满不满足入籍条件怎么办,0
鼠鼠球！鼠鼠蛙！猫和老鼠！料理鼠王！,0
【 Overcooked! 2 】協力必須のお料理で大パニックの予感。【 領国つかさ - 小鳥谷なの - すぺしゃりて 】,0
锻炼！这么大的事为什么不早说…,1
秋冬好看又保暖的亮色系穿搭分享，建议收藏。,0
"""Welcome, Tomorrow【原创曲】""",0
哪种副业真能挣到钱？9种副业真实测试，第5项结果令人意外！,1
小米智能摄像机户外防雷设计，雷雨天也能稳定工作,0
【超级小桀/困难团】你这陷阱太明显了！,1
为什么建议27年后买房，大冰老师给出关键信息。,1
摘星岭三府界，网红打卡地：三界碑,0
福建舰为什么不喜欢蒸汽弹射器？蒸汽弹射到底有多菜以至于我们一定要上电磁弹射？,1
资源安全对国家安全的影响【公开课】【有课件教案】【高中地理新课标一等奖优质课】【省赛获奖优质公开课】,0
基于Python的招聘信息可视化分析-大数据深度学习算法计算机软件毕业设计源码开题,0
渲染测试,0
荣耀V40搭载100W快充，通勤路上30分钟回血满满，影像实力强，随手一拍皆是大片。,0
苏文倩骑马舞#MMD#同人#3D#vam#国漫#人物卡#mod,0
【央视 1080P+60】穴兔的秘密生活【纪录片】,1
泰坦军团27英寸QD量子点-MiniLED 4K 160Hz内置音箱Type-C 65W 1200nits 升降旋转1ms电竞电脑显示器P275MV,0
问界已经是中国无可争议的第一豪华品牌了！「鸿蒙智行 周报」,1
当我拍花海不再用60帧，而是24帧,1
【模型测评】SUPA独角兽板件飞边大的离谱、缩胶水纹油也一样不少 最离谱还在涨价年度十拉模型非他莫属,1
肯德基十翅一桶（可自选10薄脆金沙鸡翅）18元配送到家，平均每个到手仅需1.8元。,1
"""Loco &amp; Jam - Codex Showcase, Kyiv - Techno Mix""",0
真香！又降价了索尼(SONY)ZV-E10 微单数码相机 4K视频 vlog 直播相机 zv-e10 创意滤镜 E10K黑色套机,0
精彩片段,0
猫咪的品种大全（13种上）！,1
【Steam新游速递】暴爽动作肉鸽游戏《异变金属-Morbid Metal》开启全新测试申请！,0
指纹识别电源键OPPO A5 Pro，一键解锁更省心，上班打卡再也不用翻找密码。,0
M新人诚信互关互粉，关我必回，祝大家粉丝涨涨涨7,0
【数码宝贝2】剧情-6,0
（1080P+）《趣味科普》【全4集】,1
大学生作业《反方向的钟》MV,1
如何入圈时尚圈、艺术圈？宝藏大片，拿来吧你！【时尚和艺术的关系】入门知识！【半部时尚史】时尚、反时尚、艺术、潮流！,1
自由落体和竖直上抛空中相遇问题（转参解法）,0
老郭回归之夜，百万狂野到货-Fender CS MB ST篇，太多了第一次亮相的限量型号，双十一补贴进行中，不要错过#老郭的菠萝琴行 #老郭狂野到货 #老郭严选,0
双十一风衣外套裤子开箱 附绝对真实评价！！（胡言乱语8个儿子）,1
大连工业大学机械设计基础冲刺班视频试听课科目代码801(七哥考研),0
【魔裁版猫和老鼠02】梅露露の浪漫小夜曲,1
碧柔洁面泡泡温和清洁毛孔油脂，泡沫细腻不伤肤，日常早晚使用轻松去污垢，搭配化妆棉更清爽，学生党首选高性价比洁面产品。,0
Single Paradiddle套拍六连音节奏型！《唐剑波爵士鼓教程》Funky Six Groove 8-5,0
载基生物实验室一镜到底，一起云参观,0
【PoohPavel中字】死亡使者首映与n&#x27;noey一起的reaction 中字cut,0
流中汇街头采访,0
小草,0
男朋友喜欢拿他的父母和我的猫比较,0
戒烟盘河磨，享受盘玩之乐，得健康与兴趣的双重价值,0
高中英语单词词性转换，刷到就是赚到，赶快存下吧！,0
（全）街头活动,0
古巨基 - 眼睛不能没眼泪,0
【高一化学】陌生氧化还原反应补全离子方法，如此简单,0
【央视纪录片】《读书的力量》（全5集）精品课,1
6分钟做菜！美的电压力锅真高效宛菡精选推荐,0
纪录向：铁甲小宝见面会【广州北京路天河城2025.10】,0
狂炫3口红牛！米切尔逆天三分绝平，维金斯0.4秒压哨空接隔扣杀死比赛,1
火影最污片段合集！《火影忍者》,1
小天鹅小乌梅洗衣机洗得干净还省心，除菌率高，静音设计不扰民，洗衣烘干一体，适合家庭日常使用，衣物蓬松不伤衣。,0
（完）再睡一个小时,0
碳水界的金色传说，蟹粉小笼汤包！谁看了不迷糊,1
解构一下苹果，用它来包烤肉真的很惊艳！,0
代码能动就不要去碰了，否则会成为屎山代码,1
《未来》-方大同,0
爆蔗小青桔系列测评,0
G15电竞马桶真香！RGB灯效炫酷，坐圈加热不冰腿，深夜打游戏不再起身尴尬，智能感应开盖超方便，朋友来了都惊呼这“主机”太有型。,0
我的世界：简单的核爆,0
真香！又降价了！索尼(SONY)ZV-E10K 半画幅微单相机 美肤拍照 精准对焦 VLOG APS-C画幅 zve10 ZV-10 ZV-E10黑色单机,0
冬天空调这样用才省电！美的冷暖空调3P实测：制热快、温控准，电费降了20%，家庭取暖更舒心,0
输赢不要问,0
AI老师全程陪伴孩子学习，学练机XX型号支持个性化学练方案，错题智能分析，家长省心，孩子进步明显，适合家庭日常辅导使用。,0
H13-1,0
如果你被一群大猩猩追击,0
鸡肋武器？深度解析中国鞭锏物理设计,0
仅用0秒就爱上周芯竹,0
胸椎巨大神经鞘瘤术后1个月复查,0
【改图】角色表情绘画技巧,0
《绝区零》伊德海莉角色PV | 温泉海妖,1
グリズリーに襲われたら♡,0
贪吃蛇大冒险,0
有妈的孩子是个宝，这么大了还跟妈撒娇要贴贴,1
【小盆友】冠名投稿｜一生有爱何惧风飞沙《天下》,0
小金珠面膜（美白补水款）质地轻薄贴合，用后肌肤水润透亮，熬夜党救星！坚持使用肤色更均匀，日常护肤好搭档。,0
最近琵琶虾产量嘎嘎好，废话不多说，我让琵琶虾给大家来“蹦个迪”。,1
一口气看完 人类最精彩打法！当世之巅！ 篮球混剪,1
还好眼睛不是爱心,0
用它蒸出来的米饭，口感软糯香甜，可好吃了,0
斗罗大陆IV终极斗罗__ZH有声书：___8,0
中医岗位大题，讲解片段,0
谢sc超长反射弧糕：我都忘掉了，还有这么个事呢，你看这事闹的，下次说点主播能念的【雪糕cheese】,1
motorola/摩托罗拉 moto S50 手机 索尼2024全新相机 花木蓝 12GB+512GB,0
【这歌真好看】-Stellar《提线木偶》！太欲了！,1
【进口造浪艇】XStar 23实测｜MasterCraft旗舰级滑水艇｜640匹机械增压动力,0
突破性AI编程系统BMAD问世！效率秒杀Vibe Coding百倍！,0
如果R2-D2阻止安纳金执行66号令,0
怎么变化这么大！(´◊ω◊｀)网络上那些爆笑的沙雕图【309期】,1
【蜘蛛人的MMA教程】安德森·席尔瓦的MMA教学与应用,1
让AI炒黄金哪家强？,1
【霉霉/时代混音】The Eras Tour Mashup | 45+39固定曲目&amp;彩蛋曲目全时代震撼MIX,1
《How It&#x27;s Done》官方歌词版MV _ K-Pop猎魔女团 _ 索尼动画 奈飞现象级动画电影,1
陆光,0
难怪那么多人喜欢何老师，制止王楚然行为，何炅一生治愈很多新人,0
第一次去看演唱会 熟悉的歌熟悉的人和熟悉的你,0
这个流量....难道我是什么很丑的人吗,0
在成为UP主之前，我希望你知道这些内容【UPUP0】,1
老钟太坏了，竟然空投熊来袭击日本（ai视频）,1
【段永平的投资智慧】完美解释99％股民亏损的原因，阐述什么才是价值投资,1
Vlog｜德国柏林之旅（一）| Citywalk 游览城市二战历史遗迹,0
百裂冥犬 纳亚菲利顶尖操作，帅是一辈子的事……,0
美食探店｜广州：百吃不厌的广式常餐,0
民族的声音，传统音乐的脊梁，赵季平笔下的配乐到底有多强？,1
钢岚：属性数值带来的伤害变化。亲测闲聊版。,0
【刷牙旅行系列首投】纽约洛克菲勒中心-中央公园【全景vlog】,0
第17集-小米手表S4Sport上手体验小米手表S4Sport上手体验，这绝对是小米最硬核的手表了，这放在苹果那边就是Ultra了吧#小米手表S4Sport-,0
🤔妈妈的锅盖土豆汤，还有拉面炒饭🤣,0
【坐一下，不得爽死…,0
女生骑行219无人区幸得一山洞露营，接近0度两菜一汤,1
秒懂BGM的这辈子有了,0
分享22种虾，你认识哪几种？,0
不着急出货,0
暮光星灵 佐伊秀起来究竟有多恐怖？,0
阁楼住了近二十年，竟被邻居要求3天之内必须搬走，房主：凭什么,0
真.傻子教学！全网唯一真正从零开始教你学混音~做音乐~从啥也不懂成为真正音乐人！的百科全书，系统教程，知识大全，你任何问题都会在此得到解决！,1
【二胡】悬溺一响，纯爱登场,1
即刻轮回,0
【天霸Mad98（三角洲行动）-带弹幕直播回放】 2025-11-10 早上8点,0
繁明杰的无尽远征：9904,0
预制食品测评第360天：土豆泥、手工香芋饺和黑猪肉纸皮煎饺,1
二手玫瑰遇三美，身板差点没累毁~🎸,0
北师大MPA论文这种选题直接毙掉！,0
诀别书,1
卧槽！英雄联盟2要来了！太炸裂了！,1
小时候的我们都是这样的吗？,1
【AI小潮院长】鬼ごっこ（捉迷藏）,0
dota2 11.11日更新 怪物猎人xdota联动 饰品特效游戏内一览,1
【小马哥960题】系统输出响应的求解-2023陕西师范大学1.3,0
谷雨第三代光感水，清爽补水不黏腻，提亮肤色更通透，适合日常护肤或化妆前使用，敏感肌也能安心用。,0
小法师狗运平AK头五杀League of Legends 2025.11.10（队友）,0
两种口味 一次满足！,1
什锦浇汁鱼的保姆级教程来啦，外焦里嫩，蘸汁吃更入味,0
JOJO的奇妙冒险合集：少年遭恶灵附身，把监狱当唯一避风港！#动漫解说#二次元,0
TCL电视打造沉浸式观影体验，畅享视听盛宴,0
唐伯虎表演说唱加打击乐,0
【RUST腐蚀生存】在外服，两名中国玩家如何压制老外称霸服务器！！,1
德力西手钻测评,0
【毕导】看了这个视频，你会释怀你倒霉的一生,1
解锁重庆铜梁龙！40岁黄希扬和他的坚守,1
杭州西湖群山下十年一遇！纯两层宋风合院，17米大面宽+100㎡大院，精装直接拎包,0
这世道里的流言，为何总刺向女子？,0
【人间中毒高能名场面】让你血脉喷张！亲热戏合集！,1
施美乐纯钛保温杯纯钛无金属析出，冰花纹理独树一帜,0
鸣人开启重粒子模式暴打大筒木一式,0
这绝对是一部人生必看的高分爱情动作电影，评分9.8，熬夜也要看完！《王牌杀姬》,0
上海53平小家，人吃胖了，要减食减量运动了。,0
cw-7电弧1,0
第二季高潮将至！叶瞬光新画面。策划画饼环节,1
【植青托管】化学课&amp;书法课,0
Jan Martin - Hold Me Down (Original Mix),0
长城私董会 高端交友圈#社交圈扩大 #单身 #相亲,0
《实验活动3 燃烧的条件》【配套课件教案】【公开课比赛一等奖】- 初中化学优质课公开课比赛获奖课例,0
《中 国 新 混 音 4.0》,1
《恐鬼症》大佬无证据0理智三连挑战  看顶级逻辑推理，学最强定鬼攻略， 还不会定鬼的宝宝们看过来啊！看到即学到，全是干货，可追！~,1
【IIDX DP初投稿】段位认定 三段 CLEAR！！,0
中国人体油画赏析：何大桥《午后闲思》,1
11.11「每日中天」美国军工末日!特朗普自称稀土禁令全开 遭路透社洗脸!,1
我和我的小暖男的一天！,0
女人我最大：气温一直新高，妆发服如何不进山?part2,0
《恐鬼症》天启3全地图完美通关挑战之“灯塔”,1
【网游：从狼耳萝莉开始无限培育美少女】网游开服前，觉醒隐藏职业卡牌师，培育骷髅狼可变狼耳萝莉，炎龙蜥能成红蓝傲娇JK，毒蛛进化为社恐白发御姐。靠着这群战力爆表的,0
续航强又智能认准M3 95c准没错13325,0
【鬼畜电影】血 战 诺 曼 底  〖43min〗,1
松下万食炉知焰CS85，微蒸烤三合一，烹饪更高效。蒸菜不腥、烤鸡酥脆、加热快速，适合忙碌家庭，厨房小白也能轻松搞定美味。,0
【理财书籍】经典投资理财书籍解读（全22本）投资理财必看！,1
【犯罪心理】S10P13  two  Rossi真的是一直在告别啊   可恶到底是谁杀了Gideon啊,0
萌猫大集合 😻,1
【重度机械症】终极小巧思之超小刷石机！地狱金矿自动化~双人生存EP.9,0
【秀场直击】  Ralph Lauren  2025  Fall丨拉夫劳伦早秋女装以低调的“老钱风”重塑经典美式优雅，用考究剪裁和材质碰撞诠释不张扬的现代奢华,1
SkinFiner 5.7.2 新增了皮肤蒙版画笔，控制更精细更好用啦！ Photoshop SkinFiner 一件磨皮插件,0
Marshall 1959单块试听，这小别致听东西的！,0
athletic4_14,0
超慢跑初學專用｜ 初學專用版｜180BPM跑30分鐘｜節拍器超慢跑｜班長超慢跑,1
甲状腺结节长期观察存在哪些危害？,0
465升大容量，海尔风冷无霜强！,0
看动画学画画；朋友光吃不胖背后的秘密竟然是半夜起床干活！,0
虎扑“最难喝饮料”!逆天“液态屁”能是啥味?,1
《星星陷阱》1,0
谁发明的触控数位屏，天才来的吧,1
自定义禁触区！再也不会误触的数位屏 XPPEN Artist Ultra 16 OLED,1
谈不着媳妇的小飞一天只有煮猪脚杆成,0
粉丝投稿-后手杰波越战1.4亿,0
聊聊生产的问题,0
一桌香辣海鲜煮烹饪，多纳和妹妹一起吃海鲜煮美食,0
全世界性能最好的10把手枪，第一名性能卓越堪称完美，射击爱好者的终极梦想_世界之最Top,1
一开始，人们都以为这只是一款普通的武侠游戏,0
《少女A》镜音铃 魔法未来2025,0
08.18 小富 回放,1
记忆队长夜月主C混沌上半0T,0
2026 格莱美「最佳说唱专辑」提名出炉！哪张专辑是你心中最佳？,0
华硕迷你主机性能强劲，小巧机身释放高效能,0
指数方程难哭了学霸，大学生妈妈都说太烧脑。,0
小米电视6 OLED护眼版，夜间观影不伤眼，自适应亮度+低蓝光认证，全家追剧更安心，真实使用感受：久看不累，孩子也能放心看。,0
地球与地图——推理,0
全程干货！我们如何才能赚很多很多钱？,1
【建议收藏】2025超全蓝牙耳机选购指南： 入耳式/半入耳/开放式/手机厂/HIFI厂，降噪，音质，学生党耳机，全价位蓝牙耳机大集结！,1
普通化学速成课,0
MMA素质训练体能训练 UFC大神乔治圣皮埃尔体能训练,1
《机械战警：暴戾都市》30帧探索第二关 支线部分2,0
⚡️全是万恶之源名场面啊⚡️,1
¥1647！绝对好价！限时全国补！京东自营 大疆Action 5 Pro 运动相机 户外摩托骑行潜水 Vlog相机 购买方法,0
岩浆阻击战，用7200万吨海水喷向火山，结局震撼世界,1
诚信在线互关，一关一回，有关必回，没回就是风控，不要取关,0
笑傲江湖256,0
【2025秋冬流行趋势】8分钟教你今年秋冬怎么穿最时尚 | Pantone流行色 | 游牧西部风| BettySays,1
【如果你想养只缅因猫】性格│品相│特点│常见误区│超详细介绍，外号“温柔的巨人”的TA到底有多温柔？,1
【化学顾老师】更新啦，赶紧来围观吧！,0
塔吉玛专业摇滚电吉他 专业表演弹唱考级学乐器必备音色质,0
华为 Mate80 预订开抢！智能体手机到底颠覆了什么？,1
法老的新衣,1
狗，自助抓痒,1
[钢琴]ハルビン (哈尔滨)1945年,0
亚洲时尚巨头希音在巴黎开设了首家门店！ 零售商指出这种模式不公平,1
谁能拒绝在睡觉时刷上一集30分钟的解压视频呢,1
【炸鸡花】我邀请了200位玩家与我一同完成这条礼服！,1
【自然科普】卖萌专业户---兔子。“人见人爱，Q萌存在”~,1
现在，银行急疯了！[房价再跌下去，很多家庭就要破产了...],1
【2025版】怎么正确下载安装Python+PyCharm？Python下载安装（新手一条龙教程！）PyCharm安装，Python安装！PyCharm激活！,0
喧闹法则,0
准备了5个月，把奥菲丝带来三次元,1
南宁本地街坊爱去的大排档，120桌爆满，像吃酒席一样热闹,1
降噪降成听力损伤？五成被检测降噪耳机降噪量不合格,1
Phase DJ搓碟教程6 One Click Flare Scratch详解进阶变化和组合,0
海尔RO反渗透膜净水器，有效滤除81种污染物，守护家庭饮水安全。厨房安装后，水质更纯净，直饮安心，烹饪更健康。,0
斗罗大陆IV终极斗罗__ZH有声书：___10,0
我们对这个头有个大胆的想法,0
倍思 45瓦#快充  #倍思数据线  #苹果16充电器 #倍思同芯充,0
邪恶暮蝶烟雾教学（一）,0
历史是一群喵：儿童版,0
最近闹鬼事件频繁发生，捉鬼小队前往鬼屋探索，结果直接碰到灵异事件！恐鬼症,1
我的世界斗罗RPG服务器稳定运营数月不跑路【刷怪时间大幅降低不抢怪！】进服送点券每天发放福利持续更新,0
[教程]UE5新功能：两步解决第一人称武器穿模！无需代码超简单,0
我爱的人呐…没有了/【没有了】,0
⚡️逆 天 技 能 斗 地 主⚡️,1
深度测评一些比较火的网红饮料，难道喝个饮料都要靠阅读理解？,1
【爽文】结婚当天男闺蜜抢婚，满场安静！我笑着说：“刚好，我也不想结了”，拉着伴娘走了！,0
［live2d一条龙］草莓小蛋糕来袭,0
伊德海莉：玲！我要触手了！,1
苏泊尔（SUPOR）燃气灶52KW嵌入式双灶，火力强劲，适合爆炒家常菜，厨房烹饪效率提升明显，安全稳火不熄，使用体验更安心。,0
多看一眼就会爆炸的转场,0
【日常练琴】《渭水情》引子+慢板,0
【Starpery开箱】妙玉 169cm C罩杯开箱,1
小兔乖乖的故事动画,1
为什么很多人不提倡学 C2 驾照？,1
法国电视台分析，中美谈判，,0
AG五人签约金加起来都没无畏一个人高！,0
【2026最新】全网最细web前端vue3 从入门到精通(基础+进阶+案例）零基础小白也能听得懂，写得出，web前端快速入门教程_vue入门教程,0
保持20s 没难度吧！,1
李云龙教俘虏打仗，竟还开上玩笑，瞬间都乐了,0
【無畏的人｜FEARLESS】,0
成濑一个人唱全副歌,0
邓泰山与学生们的日内瓦音乐会｜刘舒涯｜王紫桐｜白立君｜张凯闵｜,0
T1三连冠世界赛三大错觉还在继续，Faker高情商评价BDD充满敬意，打到33岁对Faker真的不是问题！,0
常看常新,0
Zaku I ♡ RGM 2 - Model Graphix 高达档案 Mook 评测,0
历史级别！米切尔超高难度三分绝平，剩0.4秒威金斯空接绝杀！,1
《阴阳师》式神鉴赏丨梦引蝴蝶精（CV：悠木碧）,1
你们都穿上长袖了吗,0
疑似青岛啤酒明年广告流出,0
普通人买混动车，插混、油混、增程怎么选,1
五辆小车车去救援| 车车家族| 儿歌| Kids Song | 童谣| 动画| 卡通片,1
这款苏泊尔电热水壶真香！30秒速热，一键开盖超方便，厨房小空间也轻松驾驭！,0
可惜生活不是电影，错过就是错过了   #天气之子,0
【蒲熠星reaction】采访＋综艺+直播+舞台，全方面了解蒲熠星，他怎么有这么多精力和时间。,0
中国军事武器（外贸版）：81式刺刀开箱（仅供观赏）,0
5分钟内点亮购买思路！让我来帮你抵挡米哈游这荡平钱包的一击！全面分析崩铁，原神，崩坏3，崩2 双11新款周边产品购买压力！附深度种拔草攻略！【非商单】,1
这个地瓜太好吃了，软糯香甜，没有丝，真的巨巨巨好吃呀！2837,0
雅马哈吉他，高中低频均衡，扫弦音色清脆，弹唱超有氛围感,0
70多元DIY空气净化器！实测效果真的惊到我了…【赛博拾荒记】,1
终于解套了,0
o,0
LOL新英雄[亚恒]皮肤爆料!伴生预计是玉剑传说!英雄概念图和原画设计图预览!,1
大厦恐怖传说：阴历7月，必死9人……——国产香港恐怖片《office有鬼》超详讲解 真人解说/高能厚码 【恐怖片十级学者】,1
用生命做视频？00后的博主都在做什么？,1
【雾璃】唯一（告五人）歌切,0
角落总不凉？御风立体风道让全屋均匀25℃,0
女性夜跑不自由？赎罪券滞销帮帮我，女权新片《下一个台风》票房翻车怨谁？,1
昔涟是。长不高的，会说话的。随风逝去的，仍被留下的。,0
闺蜜收到这包，立马晒下午茶照！,0
【犯罪心理】S10P13  three  大家对Gideon的离去都无法接受啊  艾米莉能不能返场啊  感觉有她陪着Reid能好受一点,0
不，你并没有浪费生命,0
六月首见元元男装当场祛魅，元元秒换假发瞬间惊艳三人，再次俘虏六哥：明明是同一副面孔，怎么抬头低头的刹那，气质都变了～,1
【天梯】几多对持续爱到几多岁~粤语首投,0
天气转凉，晚餐吃烤鱼---乌克兰家庭主妇烹饪美食,0
【高中化学 全287集】清华大佬终于把高中化学做成了动漫片，必修一到选修修三详细讲解，通俗易懂，从基础到精通，轻松学好高中化学！！,0
《怪奇物语》动画衍生剧来了！Netflix动画《怪奇物语：1985故事集》正式预告,1
杨毅王猛徐静雨三人激情互辩：快船应该尽快重建吗？,1
小贱贱不是白叫的,0
担心夺舍被骗？不慌天道来帮忙！交易系统正式上线！,0
全网最详细的地下洞穴演化路径解析!上老下新溶洞演化规律,0
请输入中国文本，死者生前还活着doge,0
无蓝牙设备如何选择发射器或接收器？使用经验分享，适配多种场景轻松连接,0
小胡剃毛遭遇成都特色师傅，自述不可描述的地方被狂弄！YBJ和面包要笑死了，DYS胡C已经不干净啦！,1
【HIPPOPPrincess】251110 ONLY ONE HIPPOP Princess小卡！,0
双11、限地区、plus:机械革命【国家补贴20%】无界M5s商用办公台式电脑主机(13代酷睿i5-13420H 16G 512G)单主机 原厂键鼠,0
第二节:爱奇艺友谊赛,0
烤乳猪的火坑中传来了噼里啪啦爆炸声 &quot;,0
（完）你妈要跟我走,0
RAZ-I22 Dragonflies,0
我做了个超可怕的梦,0
国行16pm512真实市场行情,0
【刀区团播】天天：今天的菜全退；换了新导播、导演、工具人等等；菜单换新的，明天厨房直播做菜；热水空调问题解决了~~,1
【CSTG】南树阿林，开摄像头玩恐怖游戏，树吓得掉下板凳，连滚带爬，快给树换条裤子吧！,0
投资是怎样赚钱的？,1
B站百大up主排名（从低到高）,1
【布洛游戏实况】《逃离鸭科夫》平衡难度-7 夜闯农场镇，命丧码头边。,0
"韩国中年人享受独酒的方法因为使用了翻译器,所以有很多不足之处.但是希望大家能开心地享受!#韩国生活#韩国美食# #韩料",1
【生贺作】私的素材,0
嘉兴越秀美食城打卡,0
女人我最大：气温一直新高，妆发服如何不进山?part3,0
在湖南肯定是要吃土菜啦。土菜最具特色的还是常德的钵子菜,0
污染、贫民窟、菲佣，菲律宾为啥这么魔幻？,1
【降噪耳机】开学季降噪耳机红黑榜来了！看完瞬间清醒！,1
【愚月FoolMoon】空岛,0
第2橙精华水乳真的很适合油皮！我每天早上护肤就用它，控油不紧绷，毛孔细腻多了。化妆前用更服帖，持妆一整天都不暗沉，实测效果超赞！,0
重构系列买赠狂欢倒计时！买一送一！下单→到货立省823！,0
（V3）“但是你达到了无意义的新水平！”-Sparta Sync CWE Remix,0
可爱的兔兔，萌宠搞笑视频！,1
没吃过京东京造的猫粮嘛？没关系！我们给宝贝们安排了试吃装可以带回家给猫猫试试哟#猫粮#试吃装#京东京造#萌宠好物-7198470833830907176,0
去除浪漫叙事，揭秘新疆特克斯八卦城历史背后的风水，权谋与杀戮,1
实测华为WiFi 6路由器，游戏延迟低至10ms，开黑稳如磐石,0
“拿我们当傻X了是吧？”,0
植被【公开课】【有课件教案】【高中地理新课标一等奖优质课】【省赛获奖优质公开课】,0
世界不能没有初音未来,0
獭【剧占卜】百花杀 (投稿),0
上单的崩溃就在一瞬间（六十二）,1
床车旅行到大同古城，车脏到可怕，第一次自助洗车时间根本不够用，找不到露营地又被迫住宾馆,1
【人形机器人玛丽】第6话,0
厨者王的厨艺如何，我在厨房把他做菜的过程拍下来了，还问了他一个刁钻的问题,1
来日方长  Mate 70系列及鸿蒙NEXT深度体验,1
【lovelive】第一季第3话插曲：STARTDASH!!,1
【哈基米音乐】小美满,0
航母究竟有多大？我们把航母开到了陆地上，在大家比较熟悉的环境里比一比~,1
YouTube超长手枪合集，简简单单助个眠！,1
月入两万的IP剪辑师如何整理有效素材的？快速剪辑出片的秘诀在这里，高频率更新无压力！IP剪辑技巧,1
中国女人沉浸式补货｜山姆囤货整理,0
又被你帅倒了#陈天润 来源：摄影师余力,0
冬天体寒怕冷体质 有救了,0
喜剧专辑11月8日HULU &amp; Disney+ 全线发行 梁娇颖脱口秀,0
特色水果,0
【beyblade X】cx11帝王之力开箱,0
【路伊丝Louise】一起看神奇组织之世界上缺陷最多的工程在哪——FBB,0
网飞IG播放量1400万 除了星期三韩剧最高,0
【UFC冠军战】帝王之战！伊斯兰姆-马哈切夫 VS 亚历山大-沃尔卡诺夫斯基 一番战,1
カッティングりんかい,0
太困不想上班，所以写了首原创,0
日本轻小说历年第一【这本轻小说真厉害！】,1
2024KPL春季决赛·开场秀版《MMA》LIVE影像释放,1
猫妈妈真的很善良，帮助鸭鸭和小狗过幸福生活,1
导购TV之爱导的兰博基尼违章不交罚款，上了失信人名单！爱导着急割会员韭菜还网贷！又吃麻吃穿吃炸，我们等着空中飞人呢！,1
华语巅峰 180步频跑步歌单 | 2002年的华语乐坛，卷到天花板！,1
Tsuyu_2025-11-04_21-05-58,0
再降价：HONOR/荣耀 X8 Pro 平板电脑 2K高刷 11.5英寸 星空灰 6GB+128GB,0
这玩意你就养吧，一养一个不吱声！,1
告五人-将错就对,0
巧克力蛋糕8051,0
英国南部Brighton探店,0
《哥特王朝1重制版》游戏幕后「配音」｜PS5,0
【宝宝巴士】奇奇投稿祭&#x27;25 ~ 二日合作,0
考试时你的语文作文be like:,0
打打末日幻影,0
【南昌大学考博英语真题视频讲解】南昌大学2019年考博英语真题视频讲解-英译汉篇！,0
凯度B10小户型厨房好搭档，智能控温精准烘焙，空间优化设计满足日常料理需求，体验更高效的生活方式。,0
官方留后门？战地6刷所有枪1V63一枪死+人机不开枪代码！,1
Nike Jordan 男子休闲鞋，配色百搭，尺码标准，日常穿搭轻松驾驭，运动通勤皆宜，上脚舒适有型。,0
修丽可CE精华液30ml淡斑修护紧致礼盒，送女友生日佳品，日常护肤提亮肤色，改善暗沉痘印，真实使用体验分享,0
革命道中《当哒当》covered by 響咲リオナ(响咲莉欧娜),0
老挝表妹重新找工作干活轻松，心里万分感谢：多亏表妹介绍工作！,0
户外抓鱼,0
敌方位移再多？看婉儿如何刹车转弯全收掉,0
一艘核潜艇上的船员检测到有一个形体大于潜艇的东西，正在向他们的方位驶来，而且速度极快，这已经超出了他们的认知，于是赶紧上报了艇长，可艇长却不当回事！,1
将军饮马 最短路径问题 初中数学 八年级数学上册,0
チープなプロパティ UTAU無生物cover,0
这个老师每天都会抓迟到的学生但有一人却无可奈何,0
“你离开我 就是《旅行的意义》”【糕の翻唱】,0
Ian幽默談新團歌MV同舞王Jer企C位:捱出頭！,0
【碧蓝航线】吃醋的胡滕可是很危险的,1
Miku expo 2025 香港纪念照,0
【守行清悟】直播回放：因为想唱歌所以唱歌时间有点短（2025年11月9日）,0
一加 Ace 5 至尊版暑假返校必备装备清单，轻便耐用轻松带回家,0
齐得不得了的spicy翻跳,1
想要彻底解放双手，云鲸J5是很不错的选择#云鲸J5#扫地机器人#云鲸科学清洁双旗舰-7443032021095419196,0
世界综合国力最强的10个国家！,1
2025GAI重庆演唱会——海边探戈+talk,0
显化 不用限制，显化的时候多种方法轮着用、害怕焦虑等负面情绪也能加速鲜花,0
蔓越莓干 金沙糕 麻圆包烧卖 小笼包 烧卖 肉沫酸菜包,0
⛏️ Minecraft教程如何建造升级版的村民房子 🏠,0
以此动画短片回顾你与易遇的轮回相遇,0
一口气看完【最后一颗子弹留给我】,1
【小柴剑魔克烈直播回放】 2025-11-10 中午11点,0
70 [FFXIVxMMD] Red Velvet - Russian Roulette,0
LEGO Steal a Brainrot  管理员滥用权限游戏集,0
6人版意面！浙大男厨🧑‍🍳创意翻跳LE SSERAFIM-Spaghetti,1
猫不亲人居然是因为你没舔它屁股？？？,0
【战地2042】以凡人之躯比肩神明！,1
【爱护肤的小圆子】最新视频已上线，快来围观！,0
【排行向】日本轻小说三网综合评分排行TOP120（重制版）,1
2025年最爆笑猫狗合集 😼🐶 笑到你怀疑人生 🤣 Part 2,1
拉布布 Labubu 主题曲，魔性又洗脑,1
这么可爱的miku谁能不爱？,0
你永远无法想象一个脱口秀带来的巨大力量，付航的金句语录治好了我的焦虑和内耗,0
【终结玄学编程】AI代码系统BMAD法！效率狂飙100倍！,0
笑死，大桶巨型冲饮又火了！谁还在乎是“屌丝饮料”？？？,1
使命召唤手游非常11好玩不错的游戏玖精彩日常集锦实况5,0
[全炫茂计划3] 牙山特别的韩牛套餐美食店,0
AI-小说搭子-梦远忆旧年-全员-1106-43,0
「1997」リーガルリリー 吉他Cover,0
使命召唤手游非常11好玩不错的游戏玖精彩日常集锦实况9,0
Debonair53_2025-11-08_14-11-41,0
暗网合集【4】（1补）,1
【解说杯S6前瞻】米姐重温《解说家》悲喜交加眼睛尿尿 看最新宣传片被弹幕“带偏”险把幕布当小米,1
特朗普还在死撑！停摆35天终酿成大祸！特朗普：不妥协继续关门！,0
超凡以下没玩懂 高段位复盘帮你突破瓶颈,0
白女爱用美妆无废话测评,1
【坦克世界】从夯到拉!锐评各系双管战车排名!,1
初中化学实验室常用仪器【配套课件教案】【公开课比赛一等奖】- 初中化学优质课公开课比赛获奖课例,0
6.2直流脉宽调速（开环）,0
咦？,0
【铁道部】限制解除，允许向铁墓发射开拓令使！,1
26南开大学生物技术与工程考研 | 目标、策略与技巧三位一体，决胜冲刺阶段,0
美国倒退150年，早被一部高分神剧预言,0
辽宁省名校联盟2025年高三11月联合考试各科试题,0
没有控制不了的甲状腺结节，只有不听劝的人！,0
【重音テト】potatoになっていく（变身土豆）【UTAUカバー】【yasai31】,0
为什么无惨这么照顾堕姬，因为堕姬强的话妓夫太郎就无敌了,0
帝舵1926月相款怎么样？新款帝舵1926值不值得入手？,0
大型纪录片《哈基米八大洗脑神曲》,1
LOOP系列  十万本山,0
各地饮料2.0｜出了本地就喝不到的小众饮料是什么味道？,1
【PEAK】如何有效的杀死僵尸,0
我赚钱了，但是青鬼（半成品）,0
HKC 27英寸2K 100Hz IPS HDR400 低蓝光不闪屏 HDMI 旋转升降 办公电脑显示器 L272Q,0
流萤,0
外星人吃光人类后，还鸠占鹊巢，模仿人类生活，玩cosplay是吧，藤本树17-26,1
空山基联名和平精英，机械美学间的魅力,0
在家做带鱼还是煎焖带鱼最好吃，十几分钟就能做好看细节,0
豆瓣8.8分，悬念大师三部超前之作，涉及双重谋杀和婚姻困局,1
博朗朱一龙同款电动剃须刀5系Pro剃须刀礼盒款刀头往复式刮胡刀男士送老公生日礼物 男中秋礼盒,0
孩子的双开门终于有地方放了,1
分享给你～你信我这样做出来的意面很好吃，牛肉啫啫煲也是精典粤菜代表值得一试，简易版的蒜香鸡翅孩子的最爱，还有清淡但好吃的冰镇秋葵西兰苔配芥末酱油～,1
留长指甲试试会被抓几个口子,1
溢价不在，只剩跳水！华为Pura80 Pro深度测评，纯血鸿蒙适配到底行不行？,1
没背景、没滤镜，她的爆火给博主们上了一课🔥,1
俏美味虎皮凤爪，老卤慢煨香入骨，软糯脱骨，味绝！,0
【25年双11红黑榜】蓝牙耳机推荐！无广不恰饭！真人亲身实测！建议收藏~开放式/入耳式/半入耳式 | 从入门到天花板一站式攻略,1
26分钟读名著《乌合之众》，大众心理研究 ，看透爆民和极权统治，古斯塔夫·勒庞创作社会心理学著作,1
下肢的水湿、水肿怎么办？,0
新手老手便宜贵的黄皮粉白皮眼影都有,1
波轮vs滚筒，哪个更好用？,0
kk 2025-11-10 14-50-32,0
【家庭问答】护士会把什么东西插入你体内？,0
GPT、DeepSeek解除R18限制，开放成人内容！国内无限制使用GPT-5和GPT-4o！手机电脑随便用！100%有效，快来白嫖！,1
【中字】第5集预告公开 团队互怼来了！｜“让rap却奶声奶气”实力我才是姐姐啊｜Mnet新女团选秀HipPopPrincess,0
高三生，10点半放学能做多少事（无动力请进）,0
暴风雪中，独自在荒野露营过夜，寒冷的夜晚，窝在帐篷内烤火取暖，睡觉很暖和,1
型号: 煲汤模式解锁，厨房优选(90)。智能控温不糊底，养生党秒变汤神！周末煲排骨汤超省心，口感醇厚还留香，全家都夸有仪式感！,0
载着两个房间的充气大帐篷，在高达8级的暴风雪天，和我的狗子在野外露营,1
Whataya Want from Me | cover by.不识谱的李小星,0
中国MMA最能打胖子敖日格勒，铁拳干翻美日韩众多格斗高手,1
第13集丨村霸摇身一变竟然当上了大官,0
听说每个人小时候都有一个英雄梦，你小时候最想成为哪个超级英雄？,0
完了，今天的功德又笑没了 • 149,1
水果干VS新鲜水果，哪个热量低？答案来了,0
【108集全】（无需付费）吊打付费教程！198小时讲完的唱歌入门学习教程！全程干货无废话！通俗易懂！这还没人看，我不更了！,1
力空调能王子Pr，快速制冷，舒适立现,0
盘点播放过亿的万恶之源,1
特警狙击手雷霆出击，人贩子插翅难逃！,1
我们的复购率超级高,0
哟 这不是孔二愣子吗,0
本届s赛最佳选手就是faker…的对手uzi！,0
【11.11星绘】HYO MIN - Nice Body,1
笑发财！胡先煦因为连刀范丞丞两次感到内疚竟然自曝身份！剩下一个队友苦撑！,1
【HAM设备】18650 12v电源盒开箱,0
好剧推荐,0
陈子豪恐鬼症！合集系列！,1
和烧友开箱Noble Kronos和艾利和PD10,0
【官方投稿】【ＸＦＤ】幽闭星光/君と不揃いなカンタータをvol.1,0
是故意为之炒作还是意外措手不及 #名场面  #社会百态 #明星,1
【大食い】纳豆饭，各种配料,0
【洛天依x乐正绫】《Cinema》中文版【HB to 山下空】【原创PV付】,1
2024搞钱野路子，用手机听歌 也能赚钱，一天收入980，适合 所有人的副业，建议收藏！,1
📦一口气拆73个快递！,1
No Doubt,1
栖桐里小区法式中古风全屋定制绝美落地,0
香辣鱿鱼,1
吉他&amp;口琴演奏新射雕插曲《真爱的力量》蒙语歌曲,0
【Bass Tab贝斯谱】その絵の名前は,0
统计学：t分布与t值,0
跑步歌单 #1890 · 170 · F.I.R. · Lydia,0
为了晚上干大事儿而买了52mm枪套的爱丽丝,0
【我的世界】#Minecraft 新手零装开局 - 欢迎入住 EP9狗窝製作,0
可太喜欢这个钢琴课堂了,0
【Project SEKAI】读谱不够，手法来凑，用邪道糊过大小键脑梗交互，技巧与底力并存的高难度32,0
#古风小生 还有这么像#豆兵 的时候，大家是不会放弃考古这个#侯明昊 的。#搞笑,0
买车要看大品牌？,1
网络爆笑图文大赏，总有你没看过的（1）,0
【混音教程】LILA和PSYP合作的《爱致病》我是怎么做的？,1
5分钟带你看完《绝区零》策划面对面『行则将至』老角色加强/联机玩法/……,1
油炸自由新选择！空气炸锅FD520，无油也能香脆可口，健康少油烟，轻松做出美味炸鸡、薯条，厨房小白也能秒变大厨，日常料理更省心。,0
童话配色~奶蓝色配合物四吡啶络镍二硫氰酸盐的合成【氟氙造物】,0
这个东西怎么这么重！(´◊ω◊｀)网络上那些爆笑的沙雕图【308期】,1
功能全配置高做菜快，这锅谁不想拥有！,0
都努努力呀，能不能破百万,0
碱式硝酸铋逃离能溶硝酸盐村,0
网络和短视频是如何毁灭儿童的？——50分钟读懂《童年的消逝》,1
iPhone18前置2400万像素 大疆13号新品亮点多多,0
“中国人要的不是你的数据，他们只想要你的小狗”中国ee的网络梗被海外ee疯狂讨论 中国人居然这么幽默,1
坚定的资本主义战士——户晨风,0
品品腰凳背带适用多阶段，宝宝3个月起用到学步期，可调节设计轻松带娃出行，解放双手不累腰，逛街遛娃更省力。,0
一级反渗透保安过滤器压差上涨快？预处理是关键山东普尼奥水处理科技有限公司,0
荣耀Magic8 Pro体验分享：性能强劲续航稳，拍照清晰通信快，日常使用超省心,0
[星尘infinity]那是个去死的好日子/死ぬにはいい日だった 翻唱,0
【2025年10月】Nico女唱见作品选集,0
薇洛：这力量不属于你,0
2025年11月10日13时00分48秒中国台湾省高雄市甲仙區5.3级地震 直播回放,0
海珠｜渔情未了，特别本地的碳炉羊肉，算是广州原始清汤羊的鼻祖，每年降温的头一顿羊肉几乎都是在它家吃的，这种品质稳定又烟火气十足的宵夜排挡在老城区越来越少了。,1
一个人的风格，从“知道自己不要什么”开始｜万字拉片解读《穿Prada的女王》职场三段式进化与自我风格觉醒,1
【全明星】剪完我也sacrifice了,1
洪荒我天庭神将朝九晚五 后续精彩大结局评论区看,0
物理输出大C！御剑，力士体系的上限！巫雅来了！,0
"""这就是&quot;自由自在,无拘无束的十九岁&quot;！985高校操场银行Kitsch打歌舞台路演翻跳【IVE】庆祝我们芙气冲天的青春""",1
2025秋冬时髦人穿什么？十大时尚趋势💡购物分享｜torazyz,1
小米（MI）电视S55 Mini LED (推车支架送装一体)55英寸【会议电视】 低反屏 288Hz L55MB-S一级能效,0
Cherie Amour Song 爵士乐,0
猫和老鼠搞笑鬼畜配音,0
品鉴淮河牌清蒸猪肉罐头，简简单单炖个菜，配上蘸料，足以夫复何求了！,1
【委托展示/oc手书】安加拉特 &amp; 加特伍德/命运之火,0
我的世界服务器—全新原创玩法介绍,0
二胡零基础入门初学专业考级系统教学295集全（完整私）,1
何为永恒～#漫剪#混剪,0
开箱实测索尼ZV-1相机，自带美颜功能，自拍更自然，vlog拍摄轻松上手，记录生活更出片。,0
【小帅C4D】化妆品建模系列男士沐浴露，更多课程淘宝搜小帅C4D，重磅推出AIGC课程,0
【日本烘焙】ASMR丨日本糕点大师的惊艳美味蛋糕🍰！美丽的陈列柜就像一个珠宝盒...😍,1
娇韵诗双萃精华使用方法分享：早晚洁面后，取适量轻拍于脸部，搭配日常护肤更显肌肤光泽与弹性。,0
你发我画！评论区发表情包图片+图片名字！陆续安排！上电视！粉丝投稿！,0
Vlog｜i人独居一人食.春节.酱香鸡蛋.芥末虾球.肥牛拌饭.山楂排骨.超市采购.烤肉派对,1
高中的几大潜规则一定要知道！,0
精准操控不贵！墨将烈风霍尔手柄开箱实测,0
十元贫穷料理再升级，十道大餐让你月底不再勒腰带,1
术前中枢敏化对pilon骨折术后预后的影响,0
小米75英寸超清电视，视觉盛宴等你享12744,0
逆天群友。,0
【冬子和老冯】冬吃萝卜夏吃姜，一天不吃想得慌！,0
女版“双枪老太婆”来了！眼神超狠 #惊险一幕 #枪长莫及,0
云朵变成棉花糖，又觉得自己可爱了,0
#仙剑世界 发起每日打卡第一天，普通BOSS，3次龙虎，3次精英掉币截图，照片有截图时间戳。,0
阿巴，有一个大大的阿巴        解压,0
地理课本中的大兴安岭！金秋美景的天花板！【亲子周末旅行01】,1
黑科技灶具优选！红日828C红外线燃气灶，大火力+节能省气，喜欢就带回家！,0
神牛iT32机顶闪光灯操作,0
我和朋友陪妈妈去露营,1
2025最新python自动化工资条1分钟发600个，学会再也不用加班了！,0
【女王支持女王】老生代diva唐尼Toni Braxton登上kelly show,0
Skincare   Blackheads Removal #600 #tweezers skincare #blackheads blackheads,1
【推荐歌单】2025年最火的100首热门歌曲合集，超好听的流行音乐合集,1
【Pocket Watch】速通成就超容易解锁攻略,0
深 藏 不 露,1
咏春拳师VS职业泰拳，咏春终于登上实战擂台，依旧没能让我们失望,1
第二十七集 围猎野猪,0
【撩聊机】华为FreeBuds Pro 5怎敢对标索尼金砖旗舰？,1
“遇见你的几率为六十亿分之一”饱崽兔翻唱《First Love》,0
透明小球的闯关之旅开始啦！超大漏斗、蛇形轨道、扭动滑道，太治愈了✨,0
黄油猫酪饼干,0
双11超值！国家补贴 AMD 台式电脑主机R7-9800X3D 32GB 1TB￥5775.05！双十一主机推荐 台式电脑主机推荐 游戏,0
大龙猫身上起了水泡被宝哥造谣！气的当场破防两人连麦疯狂互怼！笑不活了！,1
【全运会 男单1/16】 王楚钦4-1魏世皓 晋级16强,1
移速流VN，片叶不沾身,0
【排行向/2024.12】日本轻小说全球五网综合评分排名TOP120,1
PS4改 ext外壳四背健  扳机肩建微动,0
注意‼️老师：其实你做好这些，就算合格了！（下）,0
解析《万里归途》，4处隐藏在电影细节里的深意,0
新手养柯基，不知道怎么给它洗澡？,0
冲刺模拟三 - 图表作文 - 共享工具,0
熊出没之怪兽计划主题曲《彩虹》4个对比,0
随便跳跳但齐得可怕2.0,1
方太燃气灶搭载底盘密封与支撑设计，稳固防滑，点火精准，厨房使用更安心，清洁也方便，适合日常烹饪家庭。,0
Apple iPhone 14 Pro 国行 性价比高,0
合肥工业大学-院校介绍,0
【n站已失效2009年老曲】【初音ミク】闪耀的此刻【アマガエル】,0
颜值/智能/操控？全新领克07 EM-P说我全都要！,1
【第一次看辉夜大小姐想让我告白3】 Re7-8 你俩真能告白？我咋那么不信呢,1
需要你～,0
一补就上火？可能是体内有痰湿！,0
2025年11月朝阳高三化学期中考试压轴第19题,0
魔性舞蹈，大家赶快学起来🥳,1
【新v首投】超丝滑《positions》翻唱，进来吃德芙,0
【避坑攻略】2025年双十一最值得买华为手机选购清单：哪款华为手机值得入手？哪款才是真香机！Mate 系列/Pura 系列/nova 系列/畅享系列推荐,1
(完)三年没回来过,0
【PR/AE画质修复】视频画质太糊了怎么办？快来试试这三款高清画质修复插件，让你的视频画质从模糊变4K！！1秒即可让你的视频变清晰的黑科技插件！白嫖党福音~,0
小米空调2匹立式柜机 51LW-NA1 新一级能效变频冷暖 家用大风口巨省电圆柱设计,0
万字解析，华为是如何成为中国科技王牌的？,1
【深度】不仅仅是贫民窟，高层住宅面临一场被‘定向淘汰’合谋,1
25年八上道法10.1《国家利益高于一切》议题式课件+大单元教学设计+导学案+笔记||抗美援朝，为啥必须打？,0
构成课作业L2记录,0
宣传给力点，这些歌也能冲榜首！,0
迷你自拍杆旅行拍摄不求人 #自拍杆#迷你自拍杆#迷你自拍杆三脚架#口袋自拍杆#自拍杆推荐,0
假如你从11.10开始26CPA，进一个救一个!!!1,0
3000预算家用咖啡机 | 雪特朗ST530开箱&amp;测评,0
「双11耳机推荐」降噪TWS怎么选？这期视频告诉你！,1
MC玩家秒懂梗图（21）,1
“不被情绪裹挟 才是最高级的自由”,0
30分钟180步频超慢跑+拉伸，精准踩点中文歌曲+节拍器，适合所有人的健身运动，一起快乐健身吧,1
宠物医院最不推荐养的5个品种猫,1
小天鹅智能滚筒洗衣机 (4452),0
【PR文字插件】这才叫PR文字效果，超1400种创意文字，一键拖拽，轻松上手使用！整合全网最全高级文字动画预设都在这里,0
【愚人金/勘探员】主，我就说您度数又涨了,1
戴上耳机，感受顶级串烧,1
16岁樊振东天不怕地不怕，敢惹张继科！,1
小伙用声音模仿皇帝的一生，原来声音真的会骗人,1
MBBCAR窄幅藏系列——红经幡来了！,0
【C51单片机】2025最新C语言+51单片机全套教程，从零基础到精通只需三天，让你少走99%弯路，建议收藏~,0
盘点意想不到的奇葩开箱，每个都那么的出人意料，真的太离谱了 #奇葩开箱爆笑名场面 #专治不开心,1
NBA史上最震撼的50次观众欢呼时刻,1
#华为FreeBudsSE2耳机#续航长体验佳的高性价比之选#视频同款在橱窗#蓝牙耳机-7434772834234289459,0
美的电磁炉家用静音节能款，火力精准控温，厨房烹饪更轻松高效,0
「彈丸oc/夢女」各種設定圖/仿官仿畫風圖合集,1
【推荐收藏】2025年开学季降噪耳机推荐！头戴式、入耳式降噪耳机怎么选？新手看这一篇就够了！学生党/Hifi/游戏耳机测评,1
抗皱保湿面霜滋润嫩滑，肌肤细腻有光泽，日常护肤必备，长期使用肤色更均匀，轻松拥有健康光彩。,0
王者之尊上手体验,1
［忘川策瑜］云裳羽衣曲,0
多功能烹饪神器，轻松搞定日常美食，厨房必备省时省力,0
东方曲《For Your Pieces》被网络歌手“翻唱”了十个版本？,1
【碧蓝档案】黑子,0
米兰时装周 Aigner春夏性感奔放潮流服饰穿搭 个性魅力独特穿搭走秀秀场,1
拉镜,0
精美好物，强烈推荐，给爸妈无限回购的伊利欣活奶粉,0
《咒术回战》《电锯人》片头动画导演执导！Netflix音乐动画《超时空辉夜姬！》特别预告,1
30分钟 超慢跑|初学节拍超慢跑|180BPM|暖身+伸展|有音乐 ♫,1
不值6000，不当韭菜！华为Mate 70标准版测评，华为的刀法还是那么精湛！,1
【花花怀旧】NBA2K17科比生涯模式娱乐视频第三十三期：交易橙汁,0
看懂《霸王别姬》后半部分，就会明白，为何能够名留影史,0
全剧最惊艳的一套妆造！！红衣金发！！天真的残忍！！鲜血染就的玫瑰！！用最纯的脸做最带感的表情！！|天地剑心,1
【AouBoom｜中字】เรียกว่ารักได้ไหม (Is This Love?)｜GMMTVPOCKYIDOL双人曲舞台,0
黑猫帮助白猫把散落一地的番茄拉回家，猫猫相互帮助，他们是好朋友,1
你真的会处理黑眼圈和泪沟吗,0
它真的很认真的在观察，就是真不知道它啥意思？,1
【4K高清修复】九十年代内地歌坛原创歌曲，谈芳兵《再一次入梦》，原版MV转制。（PS：黎娅也唱过这首歌）,0
欧陆风云5 各种闪退 报错 进不去游戏等 解决方法,0
冬季必备虎贲3m新雪丽棉park大衣数量有限清仓中，需要主页有方式,0
王者和奥特曼联动官宣！,0
《全国冠军的跑酷逻辑系列》反猫挂如何蹬墙？,0
惠惠,1
NBA那些精彩一对一瞬间_很多经典名场面！,1
四六级最后一个月保命计划,0
不要轻易模仿猫猫，否则……,1
【网游：从狼耳萝莉开始无限培育美少女】网游开服前，觉醒隐藏职业卡牌师，培育骷髅狼可变狼耳萝莉，炎龙蜥能成红蓝傲娇JK，毒蛛进化为社恐白发御姐。靠着这群战力爆表的,0
拆啊!一口气拆掉56件!购物欲完全打开😓(下饭版),1
【十一月蓝牙耳机推荐】全程无恰饭，用爱发电，希望能够帮助到您，全品类都有，产品力有保障~OPPO/漫步者/华为/水月雨/瓷音未来,0
2025最新性能测试实战教程，5个步骤就能掌握性能测试。,0
9万块带智能辅助驾驶？上汽MG4杀疯了！,1
米村拌饭新品我来啦又炫两碗饭!,0
高中数学全88讲【全站最佳已绝版】,1
网球正手慢动作,0
假耗子半路被阿姨征用去抓老鼠,1
【田径鞋推荐】速来！耐克田径精英巴黎新款钉鞋FD8396-900，碳板气垫超厉害，券后1398.7元，热卖1000啦！田径钉鞋 运动装备,0
【整整800集】央音大佬196小时讲完的唱歌教程，全程干货无废话！学完变麦霸，这还学不会我退出音乐圈！,1
【PLAYLIST】欧美时尚流行｜强鼓点｜新锐INS时尚博主风｜爽感歌单｜走路带感出街向歌单,1
学会这三个技巧可以成为业余乒乓球高手了,1
【猪猪古比】5分钟快手早餐|女明星姜妍同款黑芝麻吐司，养发+饱腹双buff,0
"""杨指导口吐芬芳合集,杨鸣 ：我也想做个儒雅的人，可身不由己啊""",0
【建议收藏】低价耳机怎么选？便宜的降噪真的没好货吗？平价TWS降噪耳机选购,1
这张照片为什么让人感到不安？“二次元的萌属性在三次元为什么不适用？”【阿怪的粉丝投稿分享85】,1
【胖次合集】主人～请让我看你的胖次！,1
“早说嘛，原来你喜欢被踩！”,0
【南昌大学考博英语真题视频讲解】南昌大学2019年考博英语真题视频讲解-写作篇！,0
【科技说】全网最完整！ 2025年36款降噪入耳式蓝牙耳机推荐！,1
[Drumstep] - Tristam - The Vine [Monstercat Release],0
美的破壁机（735）高速静音，轻松处理坚果、果蔬，一键清洗超方便，早餐秒变健康美味，厨房小帮手实测好用！,0
天下苦Mac中文输入法久矣！！！,1
好可爱的魔君，笑死#逆水寒ol #古风动漫 #一口气看完系列,0
都是特好看的原神本,0
郭富：快走吧，吃什么面,0
【天邑教育】六年级语文第四单元试卷讲解,0
萌萌的圣娅宝宝,1
谢谢大家的支持，粉丝突破1000我就来一期读评论！,0
「科技美学开箱」两款超薄Air的详细对比！华为Mate 70 Air VS iPhone Air不同风格谁更胜一筹？,1
天使miku,0
25岁女孩参加海岛求生赛勇夺季军，35天暴瘦28斤获7500元，从手抖剥老鼠皮到狂炫50只,1
iPhone15镜面蝴蝶手机壳不易刮花，持久如新，日常使用更安心,0
皆空二分部招人～,0
一口气看完韩剧《模范出租车》,0
赚多少钱，才能财富自由？【沈帅波】,1
给自己做的神秘片头,0
《二十不惑》-第32集-剧情节奏恰到好处，追起来完全没压力,0
比亚迪墨西哥首投三千辆海鸥服务世界杯,0
北师大MPA评委必问的三大刁钻问题,0
Mr.Taxi⚡️还不上车？,1
接下来登场的是，国漫壁纸级建模女神，吹茶仙子—宋玉,1
【时代少年团】《冠军》现场齐舞直拍-好帅,1
【豫西小丁】2025年11月10日｜直播·录播｜在院子里拍照📷+晚餐🍚+餐后活动🐶,1
观察方法3（上）如何在绘画中运用观察方法,0
﻿今日必买， PlayStation PS5 PlayStation5（轻薄版）国行家用光驱数字版游戏机主机，实付低至1950元。,0
柏林大墙东-Wand am Ost der Stadt.历史的必然,1
【8K60帧/Hi-Res】「Snow Halation」 - μ&#x27;s,1
Susan教英语2025-11-10答疑及新粉内容,0
一万多块钱的玩具枪是什么样的？后坐力巨大？比真铁还贵？,1
NBA每日最佳球员：11月10日 杜兰特,1
全网唯一，10天新人写网文速成课（适用于任何小说赛道）,1
预制食品测评第362天：烧椒酱、唐扬鸡块和午餐肉罐头,1
【家和事鋞】最新视频已上线，快来围观！,0
冬季提升幸福感的家居好物推荐！暖手宝HOT-809放哪儿都好看，温暖随行不干燥,0
雇友奸妻,0
天呐！张晚意和马思纯合作悬疑剧《海魂衫》冲上热搜！原来现在好剧选人还会从综艺里看人选Cp感！网友替不可思意大接特接合作！,0
10-第5首演奏版-480P 标清-AVC,0
✌️🥵✌️,0
三星智能手表Galaxy Watch6经典款，健康监测+时尚设计，通勤打卡、运动追踪轻松应对，续航稳准，日常佩戴不累赘。,0
dota2联动怪物猎人 更新简介,1
消息称苹果iPhone17系列，国内激活销量超825万,0
双控阵容玩法，流岚骨榕+流岚阿银组合,0
2025新款外星人Area51-50笔记本U9，全新原封设计，运行流畅不卡顿，办公娱乐轻松应对，开箱即用省心省力。,0
【皮尔斯/phira】J219 AT Lv.15 初见,0
体重打卡day16: 昨天吃了重油重盐的铁锅炖，这体重真是让我意外#我的减肥日记,0
【苏联·俄罗斯国歌】 《牢不可破的联盟》Государственный гимн СССР 【编曲·演奏·幽暗】,0
MC，但是延迟逐渐📈,0
【中配】当我的世界里的物品都变成了巨型尺寸 - PrestonPlayz,0
〔第44期〕你的Ai美女友艾琪长成喽,0
【洛天依/原创曲】我的新世界观,0
《杀死那个石家庄人》老师完整版 （不看jio挑战，你能坚持到第几秒）,0
【深度】普通人赚钱的最快方式：当个二道贩子！,1
虾仁穿越荒古大陆，成为道天宗天竹峰的峰主。 觉醒了最强峰主系统，只要收徒，壮大天竹峰就能获取各种奖励,1
太空杀【搬运工】 管道战配合,0
小树人格鲁特,0
Skeets - Galaxy (Original Mix),0
王者荣耀有世界上最公平的匹配机制,0
换季那些要命危险，统统不接！！,0
Roblox《自然灾害模拟器》如今怎么样了#1,0
浮力演奏anybody can find loveX:フーピ@xfoopy,0
把《moonlight》唱成具象的月光,0
《源代码》平行世界开启生死救援，用最硬核的方式重启人生,0
11/10 《泡沫》 男声版,0
《Go语言Web编程实战》系列教程 第13集 Go语言数据类型之数组类型#计算机 #编程 #Go语言 #代码 #程序 #程序员 #golang #Go,0
【明日方舟手书】我 测 试 你 的 麦 !!,0
【满汉•乐团】20251108YY40109乐团全天连录丨木头美景回锅肉大猫迷雾小1,0
今日推荐:打卡地，钟书阁·广州天河店,0
王菲《如愿》高清无水印MV0911（超燃！吾辈领命，这盛世如你所愿）,1
【会所趣报第二十六期】河西结局剧情真是绝了,0
华为nova12Ultra旗舰手机体验,0
这电影值得更高票房！解说的太好了！没倍速看完了！真的很绝！,0
【动漫推荐】【二次元】【一口气看完系列】一口气看完《图书馆备考》,0
九阳电饭锅煮出高端米饭，口感软糯香浓，家庭日常烹饪轻松搞定,0
校草真好,0
浪费人生两分钟看我oc小动画,0
全网最全解读：封锁中的1566天，华为的绝地求生【创华为 p3】,1
未来已来！中国航母入列10周年宣传片《航母这十年》震撼发布,1
【3分钟循环】这个声音很悦耳，值得反复聆听！,1
原价裸车4万多的凯越450rally全新车，双11给大家福利价3万6直接带走！底座版好驾驭＃凯越450rally＃宜昌宏大机车,0
菲律宾主播过《星穹铁道》翁法罗斯3.7结局剧情动画,0
【以闪亮之名｜锦鲤抄】墨色生香...,0
打字录入赚钱平台，电脑手机都能做，每小时20＋,1
厨之道--红烧异形（这ai生产视频，居然毫无违和感。。。）,0
赚到一千万之后，才知道我之前为什么赚不到【橡树x姜Dora】,1
复古便携相机，瞬间定格美好时光,0
强基计划数论专题-7.6佩尔方程（3）,0
【隔壁老谢】一加Ace6开箱浅评：旗舰机，越来越难做了啊！,1
M200幻神深海猎手套装实战表现,1
秋冬必备好物，滋润霜让手脚远离干裂脱皮19246,0
一段Loop改编Raye - Suzanne,0
沉浸式开箱云图计划帕斯卡手办,0
【温柔翻唱】爱情好像流沙，随他去吧,0
实测京东京造去屑洗发水：磁吸去屑，头皮清爽新体验！7775,0
《二十不惑》-第21集-角色互动自然有趣，化学反应让人上头,0
“福建舰入列意味着中国有灭他国的能力了，美国想要跟中国竞赛航母，还是先搞定两党之争的问题吧。”丨沈逸&amp;吴琼连线，振奋人心的谈话。,1
饮料界里面的六大幻神,1
【每日练声】15分钟基础练声，纯音阶无教程，马上开练！,1
索尼（SONY）KXR51Z XR50系列 85英寸 索尼电视5系64G版 2025新品 MiniLED XR芯片 一级能效 国家补贴,0
【补档】内容为ai生成,1
【UFC冠军战】史上最强草量级女选手之一！张伟丽 VS 塔提亚娜-苏亚雷斯,1
《高等数学》全程教学视频 2.0版【宋浩老师】（下册增加了黑板版）,1
40秒让你放弃购买恐鬼症,1
【资讯】使命召唤“搜打撤”玩法回归？战役「终局之战」玩法介绍，32人PVE对抗公会和丧尸丨使命召唤22：黑色行动7,1
《普通物理学》课程精讲 期末复习 华师大,0
申公豹是如何进入玉虚宫的，敖光是如何变成典狱长的呢,0
云观众，皮套廉价，甚至在漫展偷过道具，圈子不大，神人能耐不小,1
原创钢琴曲《阳光心情》,0
鬼畜侦探剧：雨夜杀人案（中）,1
用心甘情愿的态度去选择,0
粉丝连麦：新手司机买完车一定要感受油门到底和刹车踩死,1
《沙丘2》用林肯公园这首歌做片尾曲，突然燃起来了,0
UP主做视频常用的强力技巧，你见过几个?,1
每天三小时，实测一个月手机悬赏软件到底能赚多少。,1
【燕云十六声】WTF！？这游戏到底啥情况！？｜全球上线预览直播【MarcoMeatball】,0
2025GAI重庆演唱会——小宇,0
#美剧,0
敦煌牌檀木古筝双鹤朝阳696D好物推荐分享,0
现在能看懂梗了的日V看自己以前看《火之神♂神乐》的反应,1
恐龙岛大猎杀（上），工厂没肉吃，只能吃自家兄弟鳄鱼肉,0
一个视频告诉你22年春的神王wayward有多强,0
十分钟开嗓练习 精选七大核心练习 高效 舒适,1
GPT、DeepSeek解除R18限制，开放成人内容！国内无限制使用GPT-5和GPT-4o！手机电脑随便用！100%有效，快来白嫖！,1
韩国总统李在明祝贺T1夺冠！外网却在讨论T1统治S赛是毁了英雄联盟！LOL将迎来大改革， 允许教练在比赛中途与选手短暂语音沟通！,0
视频怎么调色？10分钟搞懂调色的底层逻辑！,1
为什么没有一台完美的混动车？,1
ChatGPT倒逼美国加州立法管控,1
【皮尔斯/phira】Re Particle X IN Lv.15 初见,0
【suhyang】热腾腾的白米饭配着满满的酱菜、通脊肉、章鱼酱、明太鱼酱、鱿鱼酱、杂鱼酱、鲭鱼酱，家常韩餐美食大吃特吃,0
TCL T9 Pro双系统冰箱，超省电设计，保鲜更持久。家庭日常使用中，食材 freshness 久如新，节能静音不扰生活，平嵌设计美观省空间。,0
Rose:我还爱着你 我希望跟你结婚 (查理马上打飞的回LA了),0
【电影美学02】每个人的衣橱里，都藏满了最深处的秘密,1
还是猪二好，给吃就给摸,0
【沐霂】看奥纳纳精彩高光时刻，正看的入迷，突然一句“娜娜牛逼”给牛哥干沉默了😓不得不说娜娜确实牛逼啊😄,1
阳光小兔子-终极团队,1
原来兴奋是这种感觉!!!挑战1个星期不玩这个小东西，今晚保证最后一次！！！,1
怦然心动！畅跑54分钟，这期我可以循环一整天！- 原地超慢跑跟练 + 许嵩跑步音乐 + 180BPM精准踩点节拍器【第73期】,1
#好物推荐 一按就能茶水分离 ，泡茶焖茶萃茶一杯就搞掂#无限回购的宝藏单品 #茶具,0
#太好吃了 香糯脆甜！大枣、紫糯米、夏威夷果！好吃又营养的组合！,0
美的MB1587C定时防干烧灶，智能定时功能让炖煮更安心，适合忙碌家庭，防止汤汁溢出或干烧，烹饪更省心，实用体验佳。,0
【K-POP年末大赏】2024年终混音Megamix丨Purple into gold,1
【看门狗2】环绕旧金山，欣赏美国风景,1
番茄测新-隐藏修为而已，你真当我好欺负？-1105-jsq(1),0
Lecoo联想来酷27英寸 2K240HZ1msGTG Fast-IPS 10Bit HDR400亮度低蓝不闪猛禽电竞游戏显示器N2739SQ,0
《化学用语专题复习》【配套课件教案】【公开课比赛一等奖】- 初中化学优质课公开课比赛获奖课例,0
小米做空共识骤起：空头一周加仓53%，科技股抛售首选标的,0
猫展上有什么？30个品种猫来袭，猫奴接招！,1
物理治療師：爛板凳比任何人體工學椅都強｜【初日會客室】三個字物理治療所院長：三個字,0
好消息：有两个男朋友了，一个跟我谈，一个跟我爸谈,1
&quot;pheel&quot; 地下*glo*ian type beat,0
小芝士带你学英语| 1.61 a real friend-think教材课文音频 unit 6 friends 课文朗读,0
谁有多余midi?!【音骂DJ】otoRAVE Radio #000 - Pilot【半自动】,0
“我…我真的是男孩子啦，你这个笨蛋！”,0
【30集全】美国原版 # 小学课程，从小学生课程开始学起，get一口流利英语！刚好适合B站大学生来学习~,0
手表划痕修复天花板！OPPO Watch X2 Mini手表屏幕划痕修复翻新，OPPO手表镜面打磨抛光；小米、荣耀、vivo、佳明、苹果、华为智能手表划痕修复,0
一口气看完八大行星中的四颗,0
童年3+3版本  捷鹰AWM  初速180+  喝红牛效果,0
40分钟考公音乐合集（纯享版）,0
大学生的打歌舞台在操场！震感强烈的aespa drama翻跳,1
我也不知道我叽里咕噜在说啥，但是看无骨鸡爪的朋友出来领视频啦 🤤🤤🤤#太好吃了 #零食试吃员 #鸡爪 #无骨鸡爪,0
【恐怖慎入】儿童邪典！这个苹果想要烧死我？下一个被害人是谁？happy appy#3,1
四十九天的食谱-电影-高清正版在线观看-bilibili-哔哩哔哩 和另外 1 个页面 - 个人 - Microsoft Edge 2025-10-26 14,0
11月10日，晴转多云[BTA #14],0
神门穴✅标准定位动画,0
【二胡】三寸天堂 步步惊心主题,1
今昔是何年！我居然穿上早年洛天依白无垢cos服了,0
【love live】μ&#x27;s经典舞台表演合集！,1
笑不活！喜来乐号脉攥住赛西施的手，下一秒被老婆当场抓包！,0
爆笑虫子（全5季+大电影）,1
沉浸式做健康饮食：解馋的酥皮红薯披萨香喷喷的出炉啦~,0
浅谈华为Mate70 Pro：和Pro+比，更适合大众的Mate70旗舰？,1
Orchestra Strike,0
全网三大传奇网络歌手，开演唱会一个比一个火,1
OpenAI 最新发布的Atlas yyds！首投简历直接躺赢，这效率绝了,0
《知行合一》孙浩泓专业乒乓球全套教学120集（全）,1
今日份快乐青提柠檬茶！,0
中文和英文，到底谁才是语言界的“地狱难度”？,0
解压视频#纪华华德影视美妆学院#影视化妆专业培训#影视化妆师日常#影视,0
【Short Loop】|| Lonely Vibing Fairies,0
毒害年轻人的错误认知有哪些？【围炉夜话·认知1】,1
深度解析《寒战》，隐藏在台词中的暗语才最精彩！,0
菲安妮经典老花腋下包，复古纹理百搭耐看，通勤逛街轻松收纳，背出门总被问链接。,0
【2025快递墙】一年一度的双十一购物开箱它来啦！！！,1
使命召唤手游非常11好玩不错的游戏玖精彩日常集锦实况3.,0
奥巴马早已看透一切-Trevor Noah,0
[中配]空岛基地 - Minecraft恶搞歌曲 (改编自Keane的《Somewhere Only We Know》) - indawgnito,1
为慈禧做菜的御厨粗心大意，误把辣椒酱当成豆瓣酱，这下惨了,0
手枪的进化 哪几款名枪是发展的里程碑？【武器的进化】,1
【悲报】日本VTuber生日直播收到大量打赏，好开森→后来被大量取消，收益变成负数,1
《天龙八部网游》撞乱了我心弦,0
肾脏求救的3个信号，你中招了吗？教你一招快速调理,0
房子比人多房价怎么涨，10亿平米商品房卖给谁？,1
NBA经典抢七大战，投进赢球投丢回家时刻！这种时刻最刺激了！,1
被粉丝质疑紫薇星君后破大防，王从天降，狰狞愤怒掏出巴掌就是扇,1
心跳节奏狂飙，架子鼓释放压力,0
【REPO】人怎么能闯这么大的祸,0
HUAWEI 华为 MatePad SE 2024 11英寸 平板电脑 星云灰 8+128GB,0
Chovy:坏了，我成内鬼了,0
我买了全世界最经典的手枪！是什么体验？服役超过100年！,1
lookbook,0
六个圈十二万！（首发于20241114）,0
有声书《龙族》完整版,1
真香！又降价了索尼(SONY)ZV-E10 微单数码相机 4K视频 vlog 直播相机 zv-e10 创意滤镜 E10K黑色套机,0
【高评分美剧】金斯敦市长 第四季 第三集,0
研究大東流合氣柔術 首投と変化技,0
告五人-唯一,0
黑龙江小伙独自返回履带车偶遇暴风雪，突降大雪让农场生活变困难，躲进房车听着外面狂风呼啸 幸福感增加！,1
王健林 # 王思聪 # 人物故事 # 科普,0
特别的人,0
【风骚律师】世界上最吵的开箱 附赠小剧场,0
万般付流水，一曲留青山【古琴】弱水三千,0
那句 “滚回中国” 像刀子，却逼出了最狠,0
赵四模仿赵本山下澡堂，赵老师没忍住笑趴在桌上！赵本山笑场合集,0
5-78-95-480P 标清-AVC,0
日语词汇学习——动物篇,0
洛天依#世界第一吃货殿下,0
"""盲目自学只会毁了你！一套针对萌新的108集唱歌教程,从零基础到麦霸，不再走弯路！""",1
疯狂的兔子（全四季）,1
垂直设计 是真的有科学依据的  长时间用起来手腕是真的舒服 #垂直鼠标 #无线鼠标 #人体工学鼠标 #鼠标 #打工人专属,0
2026年全国高考仿真模拟卷(一)1各科试题,0
Asaki玩《星布谷地》在咖啡店狠狠地调教AI老板娘？？神了！给她折磨得烦的想赶人走！！！,1
2025PMTG PRO S3第三周第二天,0
【轻松燃脂】保姆式陪练｜法特莱克2023最新版，无器械大体重适用,1
三角洲威龙翻唱《弥渡山歌》,0
10月网游热度榜，穿越火线第四,0
末世高温降临，提前囤积大量物资,0
公开课不焦虑,0
坤派艺术家,0
【收纳杯】304不锈钢材质，带分隔设计，轻松整理水杯、茶杯，也可放化妆品。小巧实用，适合厨房或梳妆台使用，提升空间整洁度。,0
【2042原型体验】金灿灿的炸比堆成山，删隐日舞扎因把爆丢,1
【夏天y的游戏日常377】周边制作进度;&quot;变态怎么还摸人家手&quot;,1
「科技美学」不止双十一 2025-2026年全价位机型推荐 | 新机太多？搞清需求不吃亏,1
酣畅淋漓的y🥵y为什么结🥰婚的理由,1
【干货向】三个小技巧，帮你选到完美配乐!,1
红塔糖水黄桃罐头200g中华老字号大连特产送父母女友儿童零食,0
我们好感度还没刷够呢！你咋能看我吃饭！？一切以旮旯给木为准！你懂不懂啊！,0
【Lauren Kim】周日vlog｜重启生活+美甲日,0
【激战2】永恒愿景成就攻略——魔法旅途,0
鲨鱼哟-2025.11.10-鲨鱼杯,0
⚡这才叫荣耀时刻⚡,0
【鱼沢Orange】大愚若智这一块，主动承认这一块，就是弱智这一块,0
这款BB霜质地轻盈，一抹即化，快速均匀肤色，遮瑕力强，适合日常通勤或约会使用，轻松打造自然好气色。,0
三折手机，是未来吗？华为Mate XT评测,1
【2025年双十一蓝牙耳机推荐】不恰饭用心推荐 0-2000元 涵盖55款 入耳式/半入耳/手机厂/HIFI厂，降噪，音质，性价比，全价位各大品牌优缺点详细剖析,1
【听潮阁·凌音】2025.11.09 21-22点档,0
殿堂级轻小说是如何诞生的？哪些作品进入了殿堂？殿堂到底有没有含金量？【次元万事屋#70】,1
家人们还在为孩子睡不好觉发愁么，强烈推荐这款记忆棉枕头19082,0
神作|锁匠穿越到异界，好感拉满的小精灵一觉醒来成为御姐！ 一口气看完《万事屋斋藤到异世界》,1
这个软件我愿称之为年度最伟大发明！！！,0
【R&amp;B/Hip-hop/電子】Wonstein作客超近距離課堂Live現場演唱 ⟨不美也不痛苦⟩ + ⟨You Look So Good⟩,0
一口气了解洗钱，它能玩得有多花？,1
粒子爱心代码,0
花花公子爱上单亲妈妈,0
以黑养黑！六黑豆浆！建议女孩子要多喝！,0
全曲翻跳Whiplash（凌晨12点版,1
肩锁关节错缝（脱位）——石立满动态柔性正骨调理颈肩腰腿痛,0
一口气看完科幻悬疑美剧《X档案》,0
百元以内无敌手？戴灵OS3开放式蓝牙耳机体验,0
有豆包帮忙，真的好忙呀~,1
“只要给她足够的安全感，她也就不会离开你”,0
“这是最好的时代，也是最坏的时代”,1
人中之龙 维新！极,0
老二次元超燃斗地主！,1
【恐鬼症】新手入门教程！实战演示恐鬼症玩法！新人必看！#阿符碎碎念丶#,1
拍完符玄发现忘带道具了……我是猪头啊啊啊啊啊啊啊啊啊！！！,1
蛋糕日记 25.11.10,0
南方人永远不懂，北方入冬第一腌，妈妈教我封存秋天的味道。,0
全网唯一！教你从零开始靠打游戏月入过万~ 全程干货！十年经验详解~,1
2025年才入坑lovelive，那你可真是挑对时候了！,1
摩飞新品料理锅上线，智能烹饪更轻松,0
唐朝著名落榜生——黄巢街头采访,1
在家里养兔子真的不要养超过3年，真的很恐怖,1
9. 入射角与反射角的计算,0
斗罗大陆IV终极斗罗__ZH有声书：___2,0
T1三连冠可选冠军皮肤出炉Faker给加里奥机会吧，Tabe被Faker打服长文评价Faker，电竞男主来写Faker都不够！,0
央视军事深度解析福建舰入列！周瑜全程嘴角上扬没停过~,1
只要是你，就算是《借口》，我都会相信,0
【法国二胡骑士Eliott】二胡演绎《犬夜叉》动漫原声插曲OST！,1
Snake eyes🐍,0
【lesserafim】- spaghetti杭州路演翻跳｜应援声音大的我一哆嗦！把烦恼统统吃掉｜潮集制燥,1
2025秋季 人教版 九年级数学上册 初三数学上册 最新版初中数学 同步课堂 PPT课件 中考数学 中考数学第一轮复习,1
79000级《恐鬼症》大佬，噩梦糖乐屋 萌新教学，超详细通关指南，不要错过呦！mp4,1
女超人 13,0
本来应该从从容容游刃有余【玩偶店通关 无道具 楼下的早餐店】游戏中最爱做菜,0
荣耀畅玩70Plus京东自营，畅享旗舰体验！,0
立冬了我还在出芒种,0
DM-i大战日系油电混动！谁是15万最强买菜车？,1
中学数学考试的关键,0
【澄闪：就你刚刚说了粉色猪咪是吧？】外网玩家自制《师傅》MOD：《明日方舟》澄闪（油管主：Kuroha Zone）,0
痰瘀互结百病生，教你一招，燥湿化痰 活血化瘀,0
6岁女孩养了7个僵尸，用香烛做菜顿顿吃大米饭,0
【爆肝2w字】用一年时间，亲手带你从0到1赚到100万！！！,1
对面楼里的两只哈士奇，只需一声呼唤，便露出两狗头,1
十首能让你听哭的配乐，作者到底经历了什么才能谱出这样华丽的乐章？,1
1274元！Bigme大我HibreakS值得入手吗？,1
"""[舞萌 DX] 神っぽいな (DX), ADVANCED 6, ⭐5AP+, 音频内录""",0
【超级宝贝JoJo】小兔子乖乖,1
Minecraft 1.21.1我的世界最新版本的原生态宝可梦重铸服务器 正宗原生态,0
日本街头美食：开业50多年的老店，外酥里嫩的炸猪排盖饭是招牌，每天顾客络绎不绝,1
MINT-北谷达娜,0
猜你想看：“抱头”梅开二度,1
二胡经典名曲：《晚秋》《梁祝》《茉莉花》《二泉映月》...,1
中国航母前所未有震撼镜头公开,1
曹少霖：我爹是方圆十里臭名昭著的狗军阀！,0
【PR免费插件合集】PR剪辑必备！仅一个插件干翻剪映素材库！30000+一键安装！预设，效果，转场，卡点，字幕等有了这个插件合集剪辑工作即将变得前所未有的简单！,0
一个镜头全网搜番！男人的梦想，不就是有个这种身材的老婆么！！【亡囯的阿基德】,1
数据结构代码题第九次常态化模拟测试,0
超爽开箱！一年一度，双十一购物分享！,1
拍脚就能火的话，一开始就应该这么办呀,0
下面有请大咪小咪为大家表演《大笑江湖》,1
可爱又危险的噬元兽,0
那些刻进DNA的春晚名梗，以前玩春晚的梗，现在春晚玩我们的梗,0
【口算圆曲焦点三角形问题】-好课在线刘天麒,0
（滚动的天空混曲）赛博猫咪（星穹秘城+RS寒冬）,0
【战地2042 六代机申请出战！,1
[Minecraft]1:1全细节魔法少女的魔女审判宅邸,0
【Minecraft】CTM-Ragecraft Ⅳ:Underworld 狂乱之境4 守门人Boss战,0
卧槽！太逆天了啊！日本人不懂梗，富士山巨人照引起热议！！,1
电竞学校实训多吗,0
阿 k 苦 力 猴 亚 猴 奔,1
【PS基本式·61】使用渐变叠加制作圆柱体的金属反射,0
再降价、PLUS会员：雷鸟 RayNeo Air 3s Pro智能AR眼镜 智能眼镜 高清巨幕观影眼镜 魔盒套装,0
昆士兰大学25年10月最新申请系统！硕士在校申请教学！-（一）注册账户,0
【皮尔斯/phira】Te Zegred obu [Planet X] IN Lv.12 初见,0
泰拳世界冠军VS综合格斗世界冠军，一场格斗史上从未有过的跨界比赛,1
Magicpolis 2200,0
我们一定能达到,0
【IGN】《堡垒之夜》×《辛普森一家》「甜蜜亢奋」动画短片,1
光的干涉物理学,0
【PR免费下载安装教程】2025年10月最新版！保姆级教学一步到位！附不限速安装包！支持Win+Mac！支持白嫖！永久使用！,0
猫咪51,1
Faker：没关系多兰，第一次冠军都不容易。S15决赛T1vsKT第五局语音,0
纪录片·【中国】从春秋到盛唐（第一季·全12集）,1
【纯音乐】行進曲「進む目の丸」,0
支持希音的法国人: 穷成这样 买买怎么了……,1
一节课一个视频的拍摄就把所有练琴偷走的懒全部还了回来，哈哈哈，给还敢！,0
差点上垒！男人的梦想，不就是有个这种身材的老婆么！！【cop craft】,1
编导生期末作业｜《刻在我心底的名字》mv,1
文班亚马隔扣杜兰特，马刺拿下火箭,1
最丢人的一期三角洲视频,1
黑丝萝莉变异成黑夜魔女！这个弑杀成性的黑夜魔女，没想到变异前竟是个甜美呆萌的妹子！！,0
古巨基 - 致少年时代(Leo Ku),0
榴食喵千层蛋糕,0
黑色制服裙弱音姐mmd摇摆～,0
【4K60FPS】邓紫棋《唯一》超好听神曲！你真的懂唯⼀的定义,1
当我朋友看了我的投稿作品说我像人妻这件事……,0
5年的老鸡是什么滋味？——蒙山蛾子炖鸡,1
元元秒换假发后，六哥当即变脸同意，小软：哇塞，我去了～澈清：瞬间就比刚刚香多了～,1
浪漫世界那些能让吊五玩家眼前一亮的技能（2）,0
B站擦边之神〖第25期〗,1
RLite: 用20行代码从头写RL,0
幻痛FOB：菜鸟玩家抽象武器对战 八级狙VS多弹头导弹,0
鲜京采厄瓜多尔白虾，烹饪后口感鲜美，富有弹性8175,0
【硬核干货合集】百万收藏！不自律、自卑、迷茫...看这个合集就够了！,1
动态置顶有价格表，原神代肝崩铁代肝绝区零代肝，两年老代，全程直播，欢迎板板！！！,0
TRUMON楚门280TF亮光吉他 1955TFL海豚物语进阶全单吉他 520TF落樱吉他 【新款】 (234),0
出题人，考生，阅卷人，三位一体，会产生“蝴蝶效应”。,0
【AE/PR插件】TwixtorPro最新汉化版！25帧秒变150帧，轻松实现变速不卡顿！超级慢动作变速补帧插件，一分钟学会！,0
彩虹猫（×）橘福福（✓） （From:ヨワスギボンプ）,0
（完）自掏腰包,0
蓝袍神秘人突现主世界！万物皆可等价交换，MC交易新纪元降临！,0
经典美国犯罪动作大片！ #创作者扶持计划 #犯罪片 #动作电影,0
度假岛钢枪细节之随心所欲的天使们，互关互赞互粉秒回,0
一直吹猫让它感觉莫名其妙,1
米家精修螺丝刀真实体验：小巧好用不伤手，维修家电轻松搞定,0
舒缓敏感肌紧致提升：使用后皮肤更稳定，适合日常护肤，改善泛红与松弛感,0
化疗6次白细胞低，补营养还不费肠胃，一日高蛋白食谱#化疗#营养#升白食谱,0
大佐：你们除了能弄脏我衣角外还能干什么？,0
【宫花红】谁见宫花寂寞红，白发将军夜引弓。,0
【UFC冠军战】他拳法超强！杰克-德拉-马达莱纳 VS 贝拉尔-穆罕默德,1
山西女篮大战东道主香港女篮！全运会女篮现场观赛VLOG｜全运观赛日记,0
一群up主在城市玩共享位置捉迷藏！太可怕了！！【第二期】,1
烤的火山炸鸡吃播！芝加哥披萨火山芝士饭,0
核潜艇发射核鱼雷，威力超过洲际弹道导弹？,1
两只小猫不知道怎么解救兔子，只能跑回去找妈妈,1
三年之期已到，燃油、纯电、插混，谁是大冤种？,1
康佳（KONKA）27英寸 165hz 1800R曲面 FHD 高对比度 HDR FreeSync防撕裂 游戏电竞显示器 KM2719CG,0
【高级感】是人脸上欲望满足后的疲惫感？！,1
《看门狗2》的玩法究竟有多自由？,1
#Well師兄 國內準備開第一家全面對外開放的店啦，各位請密切留意花花頻道，來man94166聯繫花花,0
Warframe _ 2025 胡子月,0
海尔家用油烟机吸力挺大的爸妈用着很不错,0
美食,0
韩立从容应对南陇侯，慕佩灵有多煎熬？5000字分析《凡人修仙传》第168集,1
【铁道部】来古士，你可以去死了，希望你喜欢你这三千万世的戏份,1
时尚与品牌 - 浙江理工大学(精品课),1
【乌鲁鲁演唱】《航天不太热》乌鲁鲁和露娜又何尝不是一对苦命鸳鸯呢？,0
锐评色彩作品第十集 台湾萌妹还有三十秒到达战场；,1
一口气看完催泪韩剧！我们总是习惯把最坏的情绪留给最亲的人,0
😭读了十年日本轻小说，我的心态逐渐崩溃,1
锤娜丽莎瘦了30斤热搜爆了，本人回复说是靠打羽毛球瘦的，网友质疑说：如果只是运动只会让一个胖子变成强壮的胖子。不过她再胖也有李川陪着，可别提多甜蜜了，哈哈哈,1
这谁家的社恐小猫～,1
等等！车上怎么多了一个人！伪人宿舍联动多视角！【动画区男生宿舍迷魅狩猎联动】四人视角粗剪版,1
几回了,0
【高中数学全628集】2026最新高中数学动漫课程，包含高中数学所有知识点考点，简单有趣，通俗易懂，从基础到精通，拿走不谢！,0
初中地理‼️八上地理期中必考知识点归纳，有难度，背它＝抄答案～,0
车圈到底在吵什么？10分钟完全搞懂混动技术！【柴知道：车圈化简】,1
五輛小車車去救援 +更多  車車家族,1
人类历史上极度烧脑的七大悖论。,1
甜品治愈合集：一口甜一口幸福，双十一直播活动预告～,1
“封其一人，可安众将之心，在利弊面前刘邦总是会听取良言，并且实施”,0
【APEX】皮蛋展示FMVP实力~国际训练赛决赛圈连杀5人！VKG10杀吃鸡~三明治：这确实Fmvp好吧~,1
法式小面包奶香浓郁，懒人速食好选择,0
帐篷雨中露营，全天都在大雨中！——和我的狗狗一起被困在暴风雨中！,1
TasLim_2025-11-09_09-41-13,0
新艾瑞斯N30D打蛋器轻巧好用，三档调速满足不同食材需求，快速打发蛋白、奶油，厨房新手也能轻松上手，提升烘焙效率。,0
不准用主播当普雷的灵感啊啊啊啊！！！,1
于成龙为官清廉，侄女跟着受苦吃糠面烤红薯,0
你不知道的玩CSGO的规矩，不遵守就是不给面子。,0
小小卜豆角，拿下！今天也是用蕾自达炒菜机做菜的一天哦,0
人，反客为主,1
#李科专业定制二胡钢伴mp3 月落故人归 F,0
Kpop reaction（第七十四弹）欢迎投稿哦～主页置顶有投稿要求,0
普通人变富的稳赢秘诀：慢慢致富，永远富有！——查理·芒格,1
康佳电视 85E9G PRO 85英寸 144HzMEMC高刷护眼 3+64G 4K超清全面屏 智能平板电视机 二级能效国家补贴,0
我的周末实况就是看一场炫酷的灯光秀,0
（完）当水喝当饭吃,0
【壮壮】星布谷地我被龙虾包围了，呼叫桃纸不接电话？八百里潜行狙击，谁在我身后狗狗祟祟？~,1
"""巨简单的蓝莓巴斯克蛋糕教程家庭版蓝莓巴斯克蛋糕	强烈推荐姐妹们去试一下!	制作超级简单，搅一搅就能成功!特别适合烘培新手们制作!不仅好吃颜值也绝了""",0
天冷了！床上长狗了！,1
⚡ 今日份快乐源泉 ⚡ ❸❹,1
“注意！这里是中国航母！”,1
7岁L音缺失，纠正后L发出来了。线上一对一普通话发音纠正陈老师的课效果真不错,0
肾精亏耗 脑髓不足，你无法充养大脑、一定引起注意,0
APMOZART致敬传奇孟菲斯说唱歌手 | Big Boogie - Mental Healing,0
国风国漫ai写真,0
谷歌AI篡改视频已经无法分辨 #谷歌 #AI #视频剪辑 #黑科技 #AI视频 #人工智能 #影视后期,1
逆天乌龙！本菲卡门将扑点，自家后卫“补射”破门后滑跪,0
“都没人喜欢我，你又不肯嫁给我。”,1
真是琳琅满目啊,0
ARZOPA阿卓帕 3英寸 OLED便携式显示器 笔记本电脑手机移动拓展屏Switch Ps4 5显示屏副屏A5S,0
复盘vsH4cker！小捏奉献两端笑料赵俊日立功了！Doinb差点爆了微笑翻译猴语被逗笑了！一个指挥，一个干扰指挥，一个指挥指挥，一个不听指挥，一个听不懂指挥！,1
男大吉他弹唱《wood》,0
【绝区零】萌新宝宝也能看懂的绝区零入坑攻略（一）游戏基础篇：少走弯路/游戏介绍/抽卡/战斗玩法/开服养成/界面设置/地图设施/避坑必看,1
双十一大疆真香价！Action5 Pro仅1662，Mini5 Pro降至4308,0
回顾华为制裁过程,1
新宝岛 洛天依 翻唱,0
Apple iPhone 16 Pro 国行 性价比高,0
还在为图片歪斜发愁？这个PS技巧让你轻松搞定！,0
【音乐合集】YouTube全球音乐MV播放榜单Top10合集,1
盒马甜品新品吃吃～（搞了个固体杨枝甘露奶酪面包版本）,0
如何躺着赚钱？财富自由的起点！【小白理财入门指南】,1
小栾开嗓了嘿！“我唱对吗”“词儿对调门不对”“我对不了能对我也学戏去了！”哈哈哈～,0
我发现了Faker选手6冠王的根本原因,0
长沙逛吃Vlog｜从早起嗦粉奶茶到深夜烤串湘菜，做个幸福的“饭桶”～,1
杜蕾斯经典红，更水润~16393,0
【官方MV】ゆーり（yuri） - ハート111（Heart111）,1
【J KINGDOM】学校公演|高中生舞团|kpop大热曲翻跳,1
养猫人赶紧来薅麦富迪霸弗烘焙猫粮这个大羊毛！#萌宠好物#麦富迪霸弗猫粮#麦富迪烘焙猫粮#麦富迪barf霸弗猫粮-7566505155455225126,0
【完结文】汉子茶室友玩网络热梗没有下限。 跟男生聊天无论聊什么下一句都是： “对了，说到大，你那里……” 我劝她玩梗适度。 这个梗在心怀不轨的人眼里妥妥的性暗示,1
2025年的今天，活下来的B站UP主们到底都是如何赚钱的？【UP TALK】,1
怪不得纵贯线成立一年就解散，原来当年周华健说的都是真的，一年赚10亿，为何成了周华健最后悔的事,0
自费说真话！华为Mate70Pro&amp;Pro+深度测评一个视频告诉您它的所有优缺点，618能买吗？#华为#华为Mate70#mate70pro#手机测评#机拍朱,1
60顺位跟腱断裂爆砍40分！最强控卫已在阵中？无解挡拆无人能挡！2K26零交易王朝模式第二集,1
11.10江特电机，14以下最后机会，主力彻底暴露？,0
社恐尬聊挑战一镜到底 2025.11.10,0
阿伽门农的财富帝国：迈锡尼文明的兴衰,1
房产新地图❗2026中国城市房价性价比排名❗房价上涨终极逻辑❗❓,1
上海新房测评｜高附赠不是保险箱-灿辉·晶萃173，李想综合评级C,0
《塔尔萨之王 第三季》第8集 中英双字,0
这部剧能告诉你为啥老外总是那么暴躁，看完绝对刷新你对他们看法,0
【英配英字】黎深：逐夜乘歌(Zayne: Evernit Meloride)·活动剧情|恋与深空|无痛学英语,0
首届伞国和平杯（和平慢镜头直播回放）,0
以前离不开气垫BB，现在离不开贵妇膏！,0
健身房帮助女教练的日常  却换来这种补偿,0
美版iPhone17pro改国行电池方案！870的价格望而却步,0
【熊出没】捍卫大东北合集,1
11月11日印度汽车炸弹8死，当局现在定义为恐怖袭击，在爆炸几小时前附近房子查获3千斤炸药，俄罗斯利用浓雾大批开进波克罗夫斯克，乌军特种部队也进入，美11岁判刑,1
混动到底在混什么？欧拉，控制论，美苏冷战,1
把便利店所有碳酸饮料果汁全买一遍！要花多少钱？哪款更好喝？,1
广东皱皮肠粉了解下！#广东肠粉 #皱皮肠粉 #恩平肠粉 #恩平美食,0
【古风新v首投】沧海几更迭，被遗落进平凡世间的那个他《遗珠》翻唱,0
摩根士丹利最新中国房产调查：一线城市房价预期暴跌67%，超半数卖家愿“亏本清仓”？深度解读消费者情绪,1
提前体验! ！解锁ChatGPT无限制成年模式!附赠五大顶级人工智能Gemini、Claude、Grok、GPT、deepseek免费用！,1
破亿纪念!【猛男版】新宝岛 4K高清重置加强版,1
【小熊猫】陶醉在美食中无法自拔,0
美食博主的秘密竟然是小米厨宝，小巧机身高效粉碎残渣，告别厨房堵塞烦恼，每天做菜更省心！,0
MMD舞蹈14期,0
当你与舍友都是彩笔绿玩时,0
见面五秒开始战斗,1
染黑后全部秒变古风小女子,0
看动画学英语，《闹鬼酒店》1-2季，纯英字幕+无字幕+双语字幕+剧本音频S101,0
海天生抽酱油限时优惠，调味好物不容错过,0
枫糖香蕉麦芬！,0
女人我最大：气温一直新高，妆发服如何不进山?part4,0
避雷！眼影盘,0
什么是混音？,1
【韩剧ost】战歌起！惊艳你很久的神级ost合集（都是收费曲目）,1
西瓜1,1
【全场回顾】2024年巴黎奥运会乒乓球男单1/4决赛 樊振东VS张本智和,1
殷梓悦大哥私人定制#翻唱#杀死那个石家庄人,0
再降价：海信 柜机 3匹 易省电SE KFR-72LW/A200-X1,0
货币战争 白厄这不比阿格莱雅快乐多了,0
我爸爸认为自己是孔子后人，我带他尝尝鲁菜,1
神曲《没出息》火爆两岸！网友整活超10个版本刷屏网络，太洗脑了,1
告五人-一念之间,0
xQc看T1三连冠再也受不了英雄联盟了,0
6i首发价格599现如今价格300左右浮动，香不香？香！#蓝牙耳机#freebuds6i#耳机测评-7542347774366108954,0
《二十不惑》-第20集-剧情真实引发共鸣，仿佛在讲我们的故事,0
美国键政顶流博主Hasan：首次品尝北京烤鸭，喝茅台，感谢B友，热议中国婚姻,1
《绝区零》卢西娅EP | DAMIDAMI,1
看了这个视频，这些饮料你还敢喝吗？,1
备美摩托车雨衣男女款防水速干骑行外套轻便透气适合日常通勤和长途骑行穿着舒适不闷热,0
[ 地铁逃生 ] 赛季末了，送送头吧,0
海尔云溪30洗烘套装热泵低温烘，呵护衣物蓬松柔软，家用洗衣烘干新体验,0
【Emma Ruby】各类不同的甜耳，你更喜欢哪种,1
当高智商美女开始“作案”，所有人都成了她的提线木偶！ #创作者扶持计划 #亲爱的X #韩剧推荐,0
逆转！结婚人数，突然反弹了,1
把葫芦挂在车上，是种什么体验？#车载香薰 #车载好物 #香薰 #挂件,0
和小秋的伪互动,0
【终末地造饼14】官方周边账号公布，闪避蓝图杂谈！,1
苹果、华为新机销售火爆东方通遭重罚要退市大基金三期首投拓荆科技的子公司4.5亿元明年2.8万亿的化解地方已经债务额度将靠前使用#周末消息面 #股市 #股民,0
"""【天依MMD】One Room, All That Jazz!""",0
老派器械与新派器械有什么区别？哪些更好用？分别适合什么样的人群？,0
26考研辽宁师范大学-060200中国史专业小王学姐初试复试备考经验分享高分规划课/313历史学专业基础,0
睡前助眠故事：两河流域的文明，从旧石器时代到新石器时代，人类生活的变迁。,1
绝区零2.3下半强度榜速览！伊德海莉上线，命破体系补全！,1
90后小伙外卖8个月攒4.1万提五菱EV，以车为家全国游，外卖脱坑后反而有更多选择！,1
“画面越来越清晰，记忆却越来越模糊....”,1
【青木葉】青のすみか / キタニタツヤ  (cover)【授权转载】,0
各种占便宜名场面，不笑抽我,1
无需安装下载，用Python暴力破解永久白嫖vip付费电影，轻松实现观影自由！,0
【梦核】糖果屋,0
一个操作搬砖主机多开提升50%,0
专利自动清洗技术，持久大吸力！以旧换新更优惠，立即下单！,0
【战地6/搞笑】剥蒜的情谊6.0,1
windows操作系统和麒麟操作系统怎么传送文件,0
高中历史主观题万能答题术语，背完考试稳了！！,0
无聊瞎写,0
【建议收藏】2025年11月高性价比显示器选购指南 精选25款覆盖24寸、27寸、34寸、1080P、2K、4K高刷显示器推荐清单，HKC/科睿/华硕等品牌,0
测新-刚-隐藏修为而已，你真当我好欺负？-1105-xjx (1),0
一觉醒来发现99.9%的男性都灭绝了怎么办,0
古风小生成为总裁的第一件事竟然是......!,0
【IGN】剧集《人来疯：奇宝过招》预告：罗温·阿特金森主演,1
全运会开幕式的设计很新颖大气，舞美也很壮观,0
竞技场被说ac自证,0
方太JQG6T油烟机，高效净烟不返味，烹饪时厨房空气更清新，家人无呛咳困扰，炒菜不再油腻满墙。,0
午餐时间一起学习吧🥪｜30mins原速长视频伴学｜真实海浪不循环白噪音｜化学一轮,0
杰斯小小的也很可爱啊bushi,0
【完结文】传奇训狗王，太爽了。。。,1
治愈系露营 | 逃离城市，在20℃的森林里住2天2夜！柴火烤鸡+部队火锅 | Camping Vlog,1
3枪头240毫秒，ttk直逼多人。居合，m21实战,1
[崩坏星穹铁道]让那崭新的未来，如我们所书！,0
【樱花残雨】11.9晚上一展歌喉之《想想念念》,0
年轻人的未来装备 都藏在这届进博会了！,0
VOGUE盛典红毯 完整版（20251023）,1
"""PEZSI - RAVE HARDER, AGAIN - Peak Time Driving Techno""",0
猫刊特辑：中华田园猫五虎上将闪亮登场,1
海上航行的军舰素材 ()#视频素材#治愈系#大自然#唯美#yinxigu,0
【Wallpaper Engine动态壁纸】IA-Summer,0
【playlist】2018回忆杀|点开歌单，思绪拉回18年的夏天|混搭 治愈 生命力 自由 英文歌 韩文歌 说唱 散步 独处 个人向,0
11年法语老师收徒！保姆式监督教到会为止,0
《二十不惑》-第33集-青春迷茫与坚定，成长的必经之路,0
《朋友的妹妹只喜欢烦我》第6话,0
This Week with George Stephanopoulos-11.9.2025,0
今天是10A！,0
只有18岁以上才能听见这个声音！,1
什么小三竞然如此的猖狂！#逆水寒ol #古风动漫#一口气看完系列,0
50w实磐日记，被套路啦！新入：沧州明珠，天赐材料,0
博士，想我了吗……,0
全员低迷不敌老鹰二队！湖人本赛季最大隐患是什么？,1
劝大家不要买混动，混动车体验感是最差，结果视频炸了被很多人骂,1
永远的校长——刘道玉，全国的大学生都应该感谢他,0
[全炫茂计划3] 牙山职场人下班路上忍不住光顾的魔性汤餐厅,0
福建舰入列！中国三航母时代，实现“跨代”超越,1
【谷子开箱】收到贵妇包装惹^ ｜甘露寺蜜璃｜吃谷日记,1
真,0
《好可爱的小朋友》,0
十行代码，就能让你理解看门狗！经常见但不知道看门狗是什么，看了这个视频你就知道了！,1
巴掌、吻痕都是我送你的礼物，我的爱也是,0
蒙牛布丁雪糕，细腻滑嫩口感，奶香浓郁不腻，夏日解暑必备。一盒在手，随时享用，全家都喜欢！,0
【PR插件库】一款插件，让你的PR和剪映一样！30000+一键安装！预设，效果，转场，卡点，字幕有了这个插件剪辑工作即将变得前所未有的简单！,0
19世纪自行车的发展史：各种奇葩设计，超出常人认知！,0
女人我最大：气温一直新高，妆发服如何不进山?part1,0
凤上小学校歌《凤上之光》MV热辣上线！！！主办方：凤上小学承办方：魏楚龙音乐工作室,0
2025-2026学年第一学期高中新课程模块期中考试试题(卷)(二)高二各科试题,0
我读博啦！外语教育人的“非常规毕业去向”,1
Skincare   Blackheads Removal #3 #tweezers skincare #blackheads blackheads,1
当中国乐器遇上欧美神曲，主打一个“礼崩乐坏”！,1
堪比钟离假死的智斗,0
【KMD】全国大赛主播赛道名单公布！就前三个比较有竞争力啊！大东彦今天生日！,1
当爸爸照顾宝宝的时候哈哈哈,0
不笑算我输，最佳搞笑视频合集,1
Myrkur- Majvisa🌱瑞典民谣 &quot;五月歌&quot; 户外翻唱 | 自制瑞典语/中字幕,0
【建议收藏】干活！四个无门槛兼职！都可以月入过千！,1
闭眼看爆炸的朱姐，好帅,0
请不要看完此视频,0
我的世界蛋糕塔全角色和BOSS互动对话（更新中）,0
整蛊彩票失败案例,1
【宝可梦传说ZA】懒人必备！速刷A级拿金色王冠、‌柑果球方法演示,0
魔术麦迪：你…见过我的全盛时期？,0
当了9年UP主，我在B站赚了560万,1
真三国无双6全人物废案设计图合集！你觉得和正式版比哪个更好看？,1
【须弥活动录屏私心带cp向】懒得剪辑了，直接全发了，吃一口来自官方喂的饭，香的很,0
【芋梓糕】雪糕阿梓80小只芋不懂梗 雪糕被小只芋反提问历史问题雪糕直接傻眼,1
AOC 8英寸 显示器 广色域  FastIPS快速液晶1ms响应 HDR10 低蓝光不闪 小钢炮游戏电竞显示屏 进阶款 24G11ZE 240HZ FastI,0
Tsuyu_2025-11-06_22-46-15,0
华为FreeBuds5至臻版冰霜银蓝牙耳机，随手机一起购买，纯正品，纯原装99新，主动降噪运动音乐耳机，游戏低延迟跑步半入耳式超长续航适用苹果。#数码科技#蓝,0
皮特夫妇化身偷娃侠盗！人性觉醒偷走孩子只为给人治病？,1
シャノン《死别》｜吉他弹唱,0
上个月B站收入13000元，聊聊做UP主怎么赚钱`,1
盘点当代网红直播爆笑名场面，整活界天花板，论主播直播有多拼！,1
出海钓鱼了，又是一条小鲷鱼#北海海钓 #北海出海钓鱼捕鱼 #北海海钓出海,0
一口气看完《我是特种兵利刃出鞘》，全集4小时，全程高能无尿点,1
荣耀 HONOR MagicBook Pro 14 二代酷睿Ultra版 14.6英寸（Core Ultra 5 225 H、核芯显卡、24GB、1TB,0
我为了戒网瘾跑去当兵，却不小心成为人人畏惧的兵王！,1
KOORUI 科睿 8英寸2K 180Hz高刷FastIPS显示器 硬件低蓝光HDR400 1ms快响 三角洲游戏电竞显示屏X,0
聊聊为什么我退坑了绝区零【游玩感受分享】,1
【路伊丝Louise】一起看奇葩小国之哪个国家专克带英——冰岛,0
《创业TV》汉堡就吃塔斯吉，塔斯汀是谁,1
【车载音乐】时长40分钟惊艳卡点混剪，全程高能，极致视听盛宴！,1
【全网最细】浙音大佬耗时268小时呕心制作的唱歌教程，包含所有唱歌技巧和发声方法，帮你改掉用喉咙唱歌的坏习惯！！,1
【高战士】《炙热游戏：百厨大战》综艺评测#19：小吃摊复活赛谁能突围？九宫格末位淘汰战端再起,1
别再乱补肾了！真正养肾的是它，很多人都忽略了！,0
京东京造3c认证可上飞机45W自带线充电宝20000毫安移动电源京东自营适用苹果17华为小米荣耀笔记本电脑,0
嘎啦game里根本不是这样的！,0
【盛宴】“戴上耳机，享受经典remix”,1
金华市行政区划图，快来打卡你的家乡吧！,0
梁静茹 - 亲亲,0
让宝贝感受“森呼吸，选择好奇小森林15381,0
《开局万亿资产》动态漫完结版，一口气看完整剧蓝光修复版,1
私房菜,0
一口气看完火柴人vs数学、物理、几何,1
【联动】怪物猎人x Dota2 龙骑士大招变身雄火龙！,1
&quot;这是一场属于鬼畜的狂欢&quot;,1
小机箱特别省地方，开机快，散热也快，游戏办公都可以 (20818),0
【消费者报告】楚门海豚物语卖4000块，是怎么脱引而出的？,0
泰坦军团5英寸 2K 170Hz FastIPS快速液晶屏1msGTG HDR技术硬件低蓝光 Game+游戏专业电竞显示器 P2510R,0
波的图像与振动图像的综合问题 波的多解问题,0
卖房那一刻，上海人彻底看明白！一天跌10%房价真跌疯了｜真实成交｜价格幻觉｜中产危机｜二手寒冬｜泡沫破灭｜,1
700集Python零基础教程！超细致讲解，通俗易懂，七天从小白秒变大神，全程干货无废话！学完少走99%的弯路！,0
亲爱的X【第1-4集】,0
【不擅长吸血的吸血鬼】第5话,0
22元白俄罗斯进口卡诺纳达绿标牛肉罐头试吃,0
冯唐：赚大钱的人都有什么共性？,0
痛车佬心梗时刻，你怎么和我同款,1
【翻唱】——《爱殇》船过空港 将寂寞豢养，旷野霜降 低垂了泪光～,0
【产品科普】2025年了，DHT混动能买了吗？,1
【明唐】掰一点，一起吃,0
测了10款隔音神器，最后发现“新型智商税”最有用！主流睡眠隔音方案大乱斗～,1
非一下 非两下 一直非,0
唱功对比：阿甘＋海绵宝宝VS初音未来,0
公开国外好用的cs2饰品平台！利用信息差搬砖，国内爆拉我搬货，国内暴跌我跑路,0
无菌常温酸奶粉轻松自制发酵神器？真实使用体验分享，家庭烘焙必备,0
日剧《面露一人饭第一季》13集全  懒人的美食~,1
up一口气拆100个盲盒！这才叫富婆的快乐～,1
太乙真人看帝辛以人皇之躯，留人族火种《冷眼旁观》,0
忒拉忒拉 master 30 full combo,0
吸血鬼vampyr（特别篇）码头的秘密,0
大明话事人【ZH有声书】_+,0
摆摊1天赚1030元？不当博主能赚钱吗？,1
我把全国各地的特色饮料都喝了一遍，还做了个排名……,1
最好听《童话镇》完整版 高清MV~,1
超人气美少女山岸风花新P组首位支援系后方辅助型角色 月光下指引道路｜十六夜月篇！【P5X】「解明洞观的双眸」番剧向全剧情剪辑,0
蝴蝶忍Shinobu - Heaven and back  |  AMV,0
事实证明京东是有好价的，但要看他给不给你砍单🤣,0
【选猫参考】57种猫的 属性面板,1
挑战用最美中文替换网络梗 这首歌唱出了我们的“顶级浪漫”,1
【中英双字】🌴圣巴茨热辣巡礼｜达拉斯啦啦队员的比基尼假日：游艇浮潜×白沙漫步的家族记忆簿🤿购物街掠影与翡翠湾波光的惬意时刻🛍️🌊,1
开局觉醒百倍增幅和掠夺天赋，成为倩女幽魂中一颗小桑树的你走上树生巅峰！,0
【4K】FIFTY FIFTY《Skittlez》MV预告,0
2025年蓝牙耳机推荐，降噪耳机有多卷？适合学生党用的四款百元入耳式耳机深度横测！,1
Bangumi历年排名最高的日本轻小说轻文学盘点,1
拼多多9元1911？逆天！,1
美味竹虫奶～,0
107.给Filter默认值,0
铭铭姐姐的原创作品《你就出现了》很好听的一首歌曲，希望大家喜欢！@玩音乐的小妹妹,0
小王子饶命，我婵也不是故意要超标的,0
测新-刚-隐藏修为而已，你真当我好欺负？-1105-xjx (2),0
想开王者荣耀团~,0
故宫淘宝｜百喜毯文创乔迁生日新婚结婚订婚礼物送新娘新人实用,0
姐姐开始学做菜了，小丸子帮忙打下手，又帮不到忙~hhh,0
一句话让广告哥破防,0
UP主入门第1课：1台手机就够了,1
IQOO15王者荣耀十周年典藏版开箱,0
[孙少军]上周车销盘点：问界豪华品牌第一，腾势N8L破万，蔚来，极氪等 11月10日,1
如果没有大气层，白天地表的温度会达到100度？为什么？,0
【小小梦娥bn】最新视频已上线，快来围观！,0
冲刺卷真的有这么难吗🤔,0
布瑞吉Bridge 023%Mixtape 先行曲《Street Ball街球》,1
小仙女必备！这款粉底液遮瑕保湿一步到位，适合日常通勤与约会妆容，持久服帖不卡粉，真实使用体验推荐。,0
谁抢了我的小蛋糕！,0
大，中，小板挑战  有趣的食物戰爭 BaRaDa Challenge 早教 益智 育儿 玩乐 巧克力 儿童动画,1
1.2025年浙江省考数学运算真题【考生思维】解读,0
想要投稿暗区天赋的看这里,0
闪迪CZ410学生U盘，课堂资料轻松存取，娱乐学习两不误,0
【天使跑酷】微闸图·皇家赛道100关·国际服代码P0PFRD,0
当女朋友说我喝多了敏捷为零时，历史上最接近ai的人工视频出现了,1
注意，你要养出怪物了……,0
【他举起右手点名】翻唱版 将禁忌果实撕下皮肉 由我托举成审判你我交缠命运的十字架,0
【我推的孩子】B小町 有马加奈  主题曲「MY WILL」,1
欢迎收看今天的投稿视频,0
太萌了,0
【UFC冠军战】不死跃动·极限心脏！伊斯兰姆-马哈切夫 VS 达斯汀-普瓦里尔,1
卢拉真挺懂人情世故的,0
【动漫素材】498.9G超高清4K合集炸场！全网播放量TOP级的无水印动漫素材！再也不用愁找不到优质片源！剪辑效率直接翻倍！动漫人必备的宝藏素材库！快来白嫖~,0
盘点近期热门洗脑神曲，快从我脑子里出去！,1
【衷德脊柱】单纯旋转没有侧弯要矫正吗？,0
《恐鬼症》全新地图上线，荒郊农场，破败木屋探索，灵异在发生...,1
相信每个80  90后的硬盘里，都会有她身影吧,1
